timestamp,power.draw [W],utilization.gpu [%],memory.used [MiB]
2025/11/21 00:10:33.048, 17.76, 0 %, 1 MiB
2025/11/21 00:10:33.052, 16.29, 0 %, 1 MiB
2025/11/21 00:10:33.156, 17.76, 0 %, 1 MiB
2025/11/21 00:10:33.157, 16.29, 0 %, 1 MiB
2025/11/21 00:10:33.258, 17.76, 0 %, 1 MiB
2025/11/21 00:10:33.258, 16.29, 0 %, 1 MiB
2025/11/21 00:10:33.359, 17.76, 0 %, 1 MiB
2025/11/21 00:10:33.360, 16.29, 0 %, 1 MiB
2025/11/21 00:10:33.461, 17.76, 0 %, 1 MiB
2025/11/21 00:10:33.462, 16.29, 0 %, 1 MiB
2025/11/21 00:10:33.563, 17.76, 0 %, 1 MiB
2025/11/21 00:10:33.564, 16.29, 0 %, 1 MiB
2025/11/21 00:10:33.665, 17.76, 0 %, 1 MiB
2025/11/21 00:10:33.665, 16.29, 0 %, 1 MiB
2025/11/21 00:10:33.766, 17.76, 0 %, 1 MiB
2025/11/21 00:10:33.767, 16.29, 0 %, 1 MiB
2025/11/21 00:10:33.868, 17.76, 0 %, 1 MiB
2025/11/21 00:10:33.869, 16.29, 0 %, 1 MiB
2025/11/21 00:10:33.970, 17.76, 0 %, 1 MiB
2025/11/21 00:10:33.971, 16.29, 0 %, 1 MiB
2025/11/21 00:10:34.072, 17.95, 0 %, 1 MiB
2025/11/21 00:10:34.075, 16.39, 0 %, 1 MiB
2025/11/21 00:10:34.178, 17.95, 0 %, 1 MiB
2025/11/21 00:10:34.179, 16.39, 0 %, 1 MiB
2025/11/21 00:10:34.280, 17.95, 0 %, 1 MiB
2025/11/21 00:10:34.281, 16.39, 0 %, 1 MiB
2025/11/21 00:10:34.382, 17.95, 0 %, 1 MiB
2025/11/21 00:10:34.383, 16.39, 0 %, 1 MiB
2025/11/21 00:10:34.484, 17.95, 0 %, 1 MiB
2025/11/21 00:10:34.485, 16.39, 0 %, 1 MiB
2025/11/21 00:10:34.586, 17.95, 0 %, 1 MiB
2025/11/21 00:10:34.587, 16.39, 0 %, 1 MiB
2025/11/21 00:10:34.688, 17.95, 0 %, 1 MiB
2025/11/21 00:10:34.689, 16.39, 0 %, 1 MiB
2025/11/21 00:10:34.790, 17.95, 0 %, 1 MiB
2025/11/21 00:10:34.791, 16.39, 0 %, 1 MiB
2025/11/21 00:10:34.892, 17.95, 0 %, 1 MiB
2025/11/21 00:10:34.893, 16.39, 0 %, 1 MiB
2025/11/21 00:10:34.994, 18.34, 0 %, 1 MiB
2025/11/21 00:10:35.001, 16.39, 0 %, 1 MiB
2025/11/21 00:10:35.101, 18.34, 0 %, 1 MiB
2025/11/21 00:10:35.102, 16.49, 0 %, 1 MiB
2025/11/21 00:10:35.206, 18.34, 0 %, 1 MiB
2025/11/21 00:10:35.207, 16.49, 0 %, 1 MiB
2025/11/21 00:10:35.307, 18.34, 0 %, 1 MiB
2025/11/21 00:10:35.308, 16.49, 0 %, 1 MiB
2025/11/21 00:10:35.409, 18.34, 0 %, 1 MiB
2025/11/21 00:10:35.410, 16.49, 0 %, 1 MiB
2025/11/21 00:10:35.511, 18.34, 0 %, 1 MiB
2025/11/21 00:10:35.512, 16.49, 0 %, 1 MiB
2025/11/21 00:10:35.613, 18.34, 0 %, 1 MiB
2025/11/21 00:10:35.614, 16.49, 0 %, 1 MiB
2025/11/21 00:10:35.715, 18.34, 0 %, 1 MiB
2025/11/21 00:10:35.716, 16.49, 0 %, 1 MiB
2025/11/21 00:10:35.817, 18.34, 0 %, 1 MiB
2025/11/21 00:10:35.818, 16.68, 0 %, 1 MiB
2025/11/21 00:10:35.921, 18.34, 0 %, 1 MiB
2025/11/21 00:10:35.922, 16.68, 0 %, 1 MiB
2025/11/21 00:10:36.023, 18.44, 0 %, 4 MiB
2025/11/21 00:10:36.026, 16.68, 0 %, 4 MiB
2025/11/21 00:10:36.127, 18.44, 0 %, 4 MiB
2025/11/21 00:10:36.128, 16.68, 0 %, 4 MiB
2025/11/21 00:10:36.229, 18.44, 0 %, 4 MiB
2025/11/21 00:10:36.230, 16.68, 0 %, 4 MiB
2025/11/21 00:10:36.331, 18.44, 0 %, 4 MiB
2025/11/21 00:10:36.332, 16.68, 0 %, 4 MiB
2025/11/21 00:10:36.433, 18.44, 0 %, 4 MiB
2025/11/21 00:10:36.434, 16.68, 0 %, 4 MiB
2025/11/21 00:10:36.535, 18.44, 0 %, 4 MiB
2025/11/21 00:10:36.536, 16.68, 0 %, 4 MiB
2025/11/21 00:10:36.637, 18.44, 0 %, 4 MiB
2025/11/21 00:10:36.638, 16.68, 0 %, 4 MiB
2025/11/21 00:10:36.739, 18.44, 0 %, 4 MiB
2025/11/21 00:10:36.740, 16.68, 0 %, 4 MiB
2025/11/21 00:10:36.841, 18.44, 0 %, 4 MiB
2025/11/21 00:10:36.842, 16.29, 0 %, 4 MiB
2025/11/21 00:10:36.945, 18.44, 0 %, 4 MiB
2025/11/21 00:10:36.946, 16.29, 0 %, 4 MiB
2025/11/21 00:10:37.047, 17.95, 0 %, 4 MiB
2025/11/21 00:10:37.051, 16.29, 0 %, 4 MiB
2025/11/21 00:10:37.151, 17.95, 0 %, 4 MiB
2025/11/21 00:10:37.152, 16.29, 0 %, 4 MiB
2025/11/21 00:10:37.253, 17.95, 0 %, 4 MiB
2025/11/21 00:10:37.254, 16.29, 0 %, 4 MiB
2025/11/21 00:10:37.355, 17.95, 0 %, 4 MiB
2025/11/21 00:10:37.356, 16.29, 0 %, 4 MiB
2025/11/21 00:10:37.457, 17.95, 0 %, 4 MiB
2025/11/21 00:10:37.458, 16.29, 0 %, 4 MiB
2025/11/21 00:10:37.559, 17.95, 0 %, 4 MiB
2025/11/21 00:10:37.560, 16.29, 0 %, 4 MiB
2025/11/21 00:10:37.661, 17.95, 0 %, 4 MiB
2025/11/21 00:10:37.662, 16.29, 0 %, 4 MiB
2025/11/21 00:10:37.763, 17.95, 0 %, 4 MiB
2025/11/21 00:10:37.764, 16.29, 0 %, 4 MiB
2025/11/21 00:10:37.865, 17.95, 0 %, 4 MiB
2025/11/21 00:10:37.866, 16.29, 0 %, 4 MiB
2025/11/21 00:10:37.969, 17.95, 0 %, 4 MiB
2025/11/21 00:10:37.970, 16.29, 0 %, 4 MiB
2025/11/21 00:10:38.071, 17.96, 0 %, 4 MiB
2025/11/21 00:10:38.074, 16.29, 0 %, 4 MiB
2025/11/21 00:10:38.175, 17.96, 0 %, 4 MiB
2025/11/21 00:10:38.176, 16.29, 0 %, 4 MiB
2025/11/21 00:10:38.277, 17.96, 0 %, 4 MiB
2025/11/21 00:10:38.278, 16.29, 0 %, 4 MiB
2025/11/21 00:10:38.379, 17.96, 0 %, 4 MiB
2025/11/21 00:10:38.380, 16.29, 0 %, 4 MiB
2025/11/21 00:10:38.481, 17.96, 0 %, 4 MiB
2025/11/21 00:10:38.482, 16.29, 0 %, 4 MiB
2025/11/21 00:10:38.582, 17.96, 0 %, 4 MiB
2025/11/21 00:10:38.583, 16.29, 0 %, 4 MiB
2025/11/21 00:10:38.684, 17.96, 0 %, 4 MiB
2025/11/21 00:10:38.686, 16.29, 0 %, 4 MiB
2025/11/21 00:10:38.786, 17.96, 0 %, 4 MiB
2025/11/21 00:10:38.787, 16.29, 0 %, 4 MiB
2025/11/21 00:10:38.888, 17.96, 0 %, 4 MiB
2025/11/21 00:10:38.889, 16.39, 0 %, 4 MiB
2025/11/21 00:10:38.993, 17.96, 0 %, 4 MiB
2025/11/21 00:10:38.993, 16.39, 0 %, 4 MiB
2025/11/21 00:10:39.095, 17.86, 0 %, 4 MiB
2025/11/21 00:10:39.098, 16.39, 0 %, 4 MiB
2025/11/21 00:10:39.199, 17.86, 0 %, 4 MiB
2025/11/21 00:10:39.200, 16.39, 0 %, 4 MiB
2025/11/21 00:10:39.301, 17.86, 0 %, 4 MiB
2025/11/21 00:10:39.302, 16.39, 0 %, 4 MiB
2025/11/21 00:10:39.403, 17.86, 0 %, 4 MiB
2025/11/21 00:10:39.404, 16.39, 0 %, 4 MiB
2025/11/21 00:10:39.505, 17.86, 0 %, 4 MiB
2025/11/21 00:10:39.506, 16.39, 0 %, 4 MiB
2025/11/21 00:10:39.607, 17.86, 0 %, 4 MiB
2025/11/21 00:10:39.608, 16.39, 0 %, 4 MiB
2025/11/21 00:10:39.708, 17.86, 0 %, 4 MiB
2025/11/21 00:10:39.709, 16.39, 0 %, 4 MiB
2025/11/21 00:10:39.810, 17.86, 0 %, 4 MiB
2025/11/21 00:10:39.811, 16.39, 0 %, 4 MiB
2025/11/21 00:10:39.912, 17.86, 0 %, 4 MiB
2025/11/21 00:10:39.913, 16.39, 0 %, 4 MiB
2025/11/21 00:10:40.016, 18.15, 0 %, 4 MiB
2025/11/21 00:10:40.019, 16.39, 0 %, 4 MiB
2025/11/21 00:10:40.120, 18.15, 0 %, 4 MiB
2025/11/21 00:10:40.121, 16.39, 0 %, 4 MiB
2025/11/21 00:10:40.222, 18.15, 0 %, 4 MiB
2025/11/21 00:10:40.223, 16.39, 0 %, 4 MiB
2025/11/21 00:10:40.324, 18.15, 0 %, 4 MiB
2025/11/21 00:10:40.325, 16.39, 0 %, 4 MiB
2025/11/21 00:10:40.426, 18.15, 0 %, 4 MiB
2025/11/21 00:10:40.427, 16.39, 0 %, 4 MiB
2025/11/21 00:10:40.528, 18.15, 0 %, 4 MiB
2025/11/21 00:10:40.529, 16.39, 0 %, 4 MiB
2025/11/21 00:10:40.630, 18.15, 0 %, 4 MiB
2025/11/21 00:10:40.631, 16.39, 0 %, 4 MiB
2025/11/21 00:10:40.732, 18.15, 0 %, 4 MiB
2025/11/21 00:10:40.733, 16.39, 0 %, 4 MiB
2025/11/21 00:10:40.834, 18.15, 0 %, 4 MiB
2025/11/21 00:10:40.835, 16.68, 0 %, 4 MiB
2025/11/21 00:10:40.939, 18.15, 0 %, 4 MiB
2025/11/21 00:10:40.940, 16.68, 0 %, 4 MiB
2025/11/21 00:10:41.040, 17.77, 0 %, 4 MiB
2025/11/21 00:10:41.044, 16.68, 0 %, 4 MiB
2025/11/21 00:10:41.145, 17.77, 0 %, 4 MiB
2025/11/21 00:10:41.146, 16.68, 0 %, 4 MiB
2025/11/21 00:10:41.247, 17.77, 0 %, 4 MiB
2025/11/21 00:10:41.247, 16.68, 0 %, 4 MiB
2025/11/21 00:10:41.348, 17.77, 0 %, 4 MiB
2025/11/21 00:10:41.350, 16.68, 0 %, 4 MiB
2025/11/21 00:10:41.450, 17.77, 0 %, 4 MiB
2025/11/21 00:10:41.451, 16.68, 0 %, 4 MiB
2025/11/21 00:10:41.553, 17.77, 0 %, 4 MiB
2025/11/21 00:10:41.553, 16.68, 0 %, 4 MiB
2025/11/21 00:10:41.654, 17.77, 0 %, 4 MiB
2025/11/21 00:10:41.655, 16.68, 0 %, 4 MiB
2025/11/21 00:10:41.756, 17.77, 0 %, 4 MiB
2025/11/21 00:10:41.757, 16.68, 0 %, 4 MiB
2025/11/21 00:10:41.858, 17.77, 0 %, 4 MiB
2025/11/21 00:10:41.859, 16.49, 0 %, 4 MiB
2025/11/21 00:10:41.962, 17.77, 0 %, 4 MiB
2025/11/21 00:10:41.963, 16.49, 0 %, 4 MiB
2025/11/21 00:10:42.090, 17.86, 0 %, 4 MiB
2025/11/21 00:10:42.094, 16.49, 0 %, 4 MiB
2025/11/21 00:10:42.195, 17.86, 0 %, 4 MiB
2025/11/21 00:10:42.196, 16.49, 0 %, 4 MiB
2025/11/21 00:10:42.297, 17.86, 0 %, 4 MiB
2025/11/21 00:10:42.298, 16.49, 0 %, 4 MiB
2025/11/21 00:10:42.399, 17.86, 0 %, 4 MiB
2025/11/21 00:10:42.400, 16.49, 0 %, 4 MiB
2025/11/21 00:10:42.501, 17.86, 0 %, 4 MiB
2025/11/21 00:10:42.502, 16.49, 0 %, 4 MiB
2025/11/21 00:10:42.603, 17.86, 0 %, 4 MiB
2025/11/21 00:10:42.604, 16.49, 0 %, 4 MiB
2025/11/21 00:10:42.705, 17.86, 0 %, 4 MiB
2025/11/21 00:10:42.706, 16.49, 0 %, 4 MiB
2025/11/21 00:10:42.807, 17.86, 0 %, 4 MiB
2025/11/21 00:10:42.808, 16.49, 0 %, 4 MiB
2025/11/21 00:10:42.909, 17.86, 0 %, 4 MiB
2025/11/21 00:10:42.911, 16.49, 0 %, 4 MiB
2025/11/21 00:10:43.014, 17.86, 0 %, 4 MiB
2025/11/21 00:10:43.015, 16.49, 0 %, 4 MiB
2025/11/21 00:10:43.116, 17.86, 0 %, 4 MiB
2025/11/21 00:10:43.120, 16.49, 0 %, 4 MiB
2025/11/21 00:10:43.221, 17.86, 0 %, 4 MiB
2025/11/21 00:10:43.223, 16.49, 0 %, 4 MiB
2025/11/21 00:10:43.324, 17.86, 0 %, 4 MiB
2025/11/21 00:10:43.325, 16.49, 0 %, 4 MiB
2025/11/21 00:10:43.426, 17.86, 0 %, 4 MiB
2025/11/21 00:10:43.427, 16.49, 0 %, 4 MiB
2025/11/21 00:10:43.528, 17.86, 0 %, 7 MiB
2025/11/21 00:10:43.549, 16.49, 0 %, 4 MiB
2025/11/21 00:10:43.650, 46.22, 0 %, 260 MiB
2025/11/21 00:10:43.653, 16.49, 0 %, 4 MiB
2025/11/21 00:10:43.754, 60.31, 8 %, 263 MiB
2025/11/21 00:10:43.756, 16.49, 0 %, 4 MiB
2025/11/21 00:10:43.857, 65.88, 8 %, 276 MiB
2025/11/21 00:10:43.859, 16.49, 0 %, 4 MiB
2025/11/21 00:10:43.960, 67.87, 9 %, 298 MiB
2025/11/21 00:10:43.963, 16.48, 0 %, 4 MiB
2025/11/21 00:10:44.066, 68.43, 2 %, 298 MiB
2025/11/21 00:10:44.069, 16.48, 0 %, 4 MiB
2025/11/21 00:10:44.170, 68.62, 2 %, 299 MiB
2025/11/21 00:10:44.172, 16.48, 0 %, 4 MiB
2025/11/21 00:10:44.273, 68.91, 2 %, 299 MiB
2025/11/21 00:10:44.276, 16.48, 0 %, 4 MiB
2025/11/21 00:10:44.376, 68.91, 2 %, 299 MiB
2025/11/21 00:10:44.379, 16.48, 0 %, 4 MiB
2025/11/21 00:10:44.480, 68.99, 1 %, 300 MiB
2025/11/21 00:10:44.482, 16.48, 0 %, 4 MiB
2025/11/21 00:10:44.583, 68.89, 1 %, 300 MiB
2025/11/21 00:10:44.585, 16.48, 0 %, 4 MiB
2025/11/21 00:10:44.686, 69.01, 1 %, 301 MiB
2025/11/21 00:10:44.689, 16.48, 0 %, 4 MiB
2025/11/21 00:10:44.790, 69.28, 1 %, 301 MiB
2025/11/21 00:10:44.792, 16.48, 0 %, 4 MiB
2025/11/21 00:10:44.893, 69.26, 1 %, 343 MiB
2025/11/21 00:10:44.895, 16.48, 0 %, 4 MiB
2025/11/21 00:10:44.996, 69.38, 12 %, 463 MiB
2025/11/21 00:10:44.998, 16.39, 0 %, 4 MiB
2025/11/21 00:10:45.102, 69.38, 11 %, 583 MiB
2025/11/21 00:10:45.104, 16.39, 0 %, 4 MiB
2025/11/21 00:10:45.205, 69.57, 11 %, 689 MiB
2025/11/21 00:10:45.207, 16.39, 0 %, 4 MiB
2025/11/21 00:10:45.308, 69.57, 12 %, 707 MiB
2025/11/21 00:10:45.311, 16.39, 0 %, 4 MiB
2025/11/21 00:10:45.412, 69.67, 15 %, 726 MiB
2025/11/21 00:10:45.414, 16.39, 0 %, 4 MiB
2025/11/21 00:10:45.515, 69.67, 15 %, 740 MiB
2025/11/21 00:10:45.517, 16.39, 0 %, 4 MiB
2025/11/21 00:10:45.618, 69.55, 13 %, 756 MiB
2025/11/21 00:10:45.620, 16.39, 0 %, 4 MiB
2025/11/21 00:10:45.721, 69.55, 13 %, 770 MiB
2025/11/21 00:10:45.724, 16.39, 0 %, 4 MiB
2025/11/21 00:10:45.824, 118.95, 11 %, 1461 MiB
2025/11/21 00:10:45.827, 16.67, 0 %, 4 MiB
2025/11/21 00:10:45.930, 164.99, 81 %, 1461 MiB
2025/11/21 00:10:45.932, 16.67, 0 %, 4 MiB
2025/11/21 00:10:46.033, 131.85, 81 %, 2713 MiB
2025/11/21 00:10:46.035, 16.67, 0 %, 4 MiB
2025/11/21 00:10:46.136, 196.73, 61 %, 2961 MiB
2025/11/21 00:10:46.138, 16.67, 0 %, 4 MiB
2025/11/21 00:10:46.239, 202.87, 94 %, 3109 MiB
2025/11/21 00:10:46.241, 16.67, 0 %, 4 MiB
2025/11/21 00:10:46.342, 215.67, 94 %, 3109 MiB
2025/11/21 00:10:46.344, 16.67, 0 %, 4 MiB
2025/11/21 00:10:46.445, 238.64, 87 %, 3109 MiB
2025/11/21 00:10:46.447, 16.67, 0 %, 4 MiB
2025/11/21 00:10:46.548, 145.26, 87 %, 3109 MiB
2025/11/21 00:10:46.551, 16.67, 0 %, 4 MiB
2025/11/21 00:10:46.652, 172.04, 33 %, 3109 MiB
2025/11/21 00:10:46.654, 16.67, 0 %, 4 MiB
2025/11/21 00:10:46.755, 230.61, 86 %, 3109 MiB
2025/11/21 00:10:46.757, 16.67, 0 %, 4 MiB
2025/11/21 00:10:46.858, 186.38, 86 %, 3109 MiB
2025/11/21 00:10:46.860, 16.37, 0 %, 4 MiB
2025/11/21 00:10:46.963, 239.84, 84 %, 3109 MiB
2025/11/21 00:10:46.965, 16.37, 0 %, 4 MiB
2025/11/21 00:10:47.066, 206.15, 84 %, 3109 MiB
2025/11/21 00:10:47.069, 16.37, 0 %, 4 MiB
2025/11/21 00:10:47.170, 237.90, 89 %, 3109 MiB
2025/11/21 00:10:47.172, 16.37, 0 %, 4 MiB
2025/11/21 00:10:47.273, 222.67, 93 %, 3109 MiB
2025/11/21 00:10:47.275, 16.37, 0 %, 4 MiB
2025/11/21 00:10:47.376, 229.73, 93 %, 3109 MiB
2025/11/21 00:10:47.378, 16.37, 0 %, 4 MiB
2025/11/21 00:10:47.479, 238.92, 83 %, 3109 MiB
2025/11/21 00:10:47.481, 16.37, 0 %, 4 MiB
2025/11/21 00:10:47.582, 214.30, 83 %, 3109 MiB
2025/11/21 00:10:47.584, 16.37, 0 %, 4 MiB
2025/11/21 00:10:47.685, 247.09, 83 %, 3109 MiB
2025/11/21 00:10:47.687, 16.37, 0 %, 4 MiB
2025/11/21 00:10:47.788, 193.65, 94 %, 3109 MiB
2025/11/21 00:10:47.790, 16.37, 0 %, 4 MiB
2025/11/21 00:10:47.891, 243.79, 94 %, 3109 MiB
2025/11/21 00:10:47.893, 16.37, 0 %, 4 MiB
2025/11/21 00:10:47.996, 205.01, 87 %, 3109 MiB
2025/11/21 00:10:47.998, 16.37, 0 %, 4 MiB
2025/11/21 00:10:48.099, 239.40, 83 %, 3109 MiB
2025/11/21 00:10:48.101, 16.37, 0 %, 4 MiB
2025/11/21 00:10:48.202, 222.33, 83 %, 3109 MiB
2025/11/21 00:10:48.205, 16.37, 0 %, 4 MiB
2025/11/21 00:10:48.305, 234.76, 86 %, 3109 MiB
2025/11/21 00:10:48.308, 16.37, 0 %, 4 MiB
2025/11/21 00:10:48.408, 234.85, 93 %, 3109 MiB
2025/11/21 00:10:48.411, 16.37, 0 %, 4 MiB
2025/11/21 00:10:48.511, 200.21, 93 %, 3109 MiB
2025/11/21 00:10:48.534, 16.37, 0 %, 4 MiB
2025/11/21 00:10:48.635, 246.65, 79 %, 3109 MiB
2025/11/21 00:10:48.637, 16.37, 0 %, 4 MiB
2025/11/21 00:10:48.738, 206.30, 79 %, 3109 MiB
2025/11/21 00:10:48.740, 16.37, 0 %, 4 MiB
2025/11/21 00:10:48.841, 246.08, 84 %, 3109 MiB
2025/11/21 00:10:48.843, 16.37, 0 %, 4 MiB
2025/11/21 00:10:48.944, 197.43, 94 %, 3109 MiB
2025/11/21 00:10:48.946, 16.47, 0 %, 4 MiB
2025/11/21 00:10:49.050, 241.90, 94 %, 3109 MiB
2025/11/21 00:10:49.052, 16.47, 0 %, 4 MiB
2025/11/21 00:10:49.153, 213.66, 87 %, 3109 MiB
2025/11/21 00:10:49.155, 16.47, 0 %, 4 MiB
2025/11/21 00:10:49.256, 237.21, 83 %, 3109 MiB
2025/11/21 00:10:49.258, 16.47, 0 %, 4 MiB
2025/11/21 00:10:49.359, 227.99, 83 %, 3109 MiB
2025/11/21 00:10:49.361, 16.47, 0 %, 4 MiB
2025/11/21 00:10:49.462, 224.03, 86 %, 3109 MiB
2025/11/21 00:10:49.464, 16.47, 0 %, 4 MiB
2025/11/21 00:10:49.565, 248.38, 86 %, 3109 MiB
2025/11/21 00:10:49.567, 16.47, 0 %, 4 MiB
2025/11/21 00:10:49.668, 197.65, 93 %, 3109 MiB
2025/11/21 00:10:49.670, 16.47, 0 %, 4 MiB
2025/11/21 00:10:49.771, 243.56, 82 %, 3109 MiB
2025/11/21 00:10:49.773, 16.47, 0 %, 4 MiB
2025/11/21 00:10:49.874, 200.04, 82 %, 3109 MiB
2025/11/21 00:10:49.876, 16.47, 0 %, 4 MiB
2025/11/21 00:10:49.977, 235.04, 82 %, 3109 MiB
2025/11/21 00:10:49.979, 16.47, 0 %, 4 MiB
2025/11/21 00:10:50.083, 218.30, 92 %, 3109 MiB
2025/11/21 00:10:50.085, 16.47, 0 %, 4 MiB
2025/11/21 00:10:50.186, 234.01, 92 %, 3109 MiB
2025/11/21 00:10:50.188, 16.47, 0 %, 4 MiB
2025/11/21 00:10:50.289, 233.72, 87 %, 3109 MiB
2025/11/21 00:10:50.291, 16.47, 0 %, 4 MiB
2025/11/21 00:10:50.392, 219.27, 87 %, 3109 MiB
2025/11/21 00:10:50.394, 16.47, 0 %, 4 MiB
2025/11/21 00:10:50.495, 249.51, 83 %, 3109 MiB
2025/11/21 00:10:50.497, 16.47, 0 %, 4 MiB
2025/11/21 00:10:50.598, 199.01, 86 %, 3109 MiB
2025/11/21 00:10:50.600, 16.47, 0 %, 4 MiB
2025/11/21 00:10:50.701, 245.43, 86 %, 3109 MiB
2025/11/21 00:10:50.705, 16.47, 0 %, 4 MiB
2025/11/21 00:10:50.806, 203.18, 95 %, 3109 MiB
2025/11/21 00:10:50.808, 16.66, 0 %, 4 MiB
2025/11/21 00:10:50.911, 234.25, 95 %, 3109 MiB
2025/11/21 00:10:50.914, 16.66, 0 %, 4 MiB
2025/11/21 00:10:51.015, 223.91, 76 %, 3109 MiB
2025/11/21 00:10:51.017, 16.66, 0 %, 4 MiB
2025/11/21 00:10:51.118, 226.45, 83 %, 3109 MiB
2025/11/21 00:10:51.120, 16.66, 0 %, 4 MiB
2025/11/21 00:10:51.221, 244.32, 83 %, 3109 MiB
2025/11/21 00:10:51.223, 16.66, 0 %, 4 MiB
2025/11/21 00:10:51.324, 211.91, 94 %, 3109 MiB
2025/11/21 00:10:51.326, 16.66, 0 %, 4 MiB
2025/11/21 00:10:51.427, 247.30, 87 %, 3109 MiB
2025/11/21 00:10:51.429, 16.66, 0 %, 4 MiB
2025/11/21 00:10:51.530, 194.11, 87 %, 3109 MiB
2025/11/21 00:10:51.532, 16.66, 0 %, 4 MiB
2025/11/21 00:10:51.633, 243.95, 83 %, 3109 MiB
2025/11/21 00:10:51.635, 16.66, 0 %, 4 MiB
2025/11/21 00:10:51.736, 211.50, 83 %, 3109 MiB
2025/11/21 00:10:51.738, 16.66, 0 %, 4 MiB
2025/11/21 00:10:51.839, 240.46, 88 %, 3109 MiB
2025/11/21 00:10:51.841, 16.47, 0 %, 4 MiB
2025/11/21 00:10:51.945, 223.00, 94 %, 3109 MiB
2025/11/21 00:10:51.947, 16.47, 0 %, 4 MiB
2025/11/21 00:10:52.048, 220.54, 94 %, 3109 MiB
2025/11/21 00:10:52.050, 16.47, 0 %, 4 MiB
2025/11/21 00:10:52.151, 241.98, 82 %, 3109 MiB
2025/11/21 00:10:52.153, 16.47, 0 %, 4 MiB
2025/11/21 00:10:52.254, 210.21, 82 %, 3109 MiB
2025/11/21 00:10:52.257, 16.47, 0 %, 4 MiB
2025/11/21 00:10:52.357, 246.74, 82 %, 3109 MiB
2025/11/21 00:10:52.360, 16.47, 0 %, 4 MiB
2025/11/21 00:10:52.461, 194.76, 94 %, 3109 MiB
2025/11/21 00:10:52.463, 16.47, 0 %, 4 MiB
2025/11/21 00:10:52.564, 244.14, 94 %, 3109 MiB
2025/11/21 00:10:52.566, 16.47, 0 %, 4 MiB
2025/11/21 00:10:52.667, 211.90, 87 %, 3109 MiB
2025/11/21 00:10:52.670, 16.47, 0 %, 4 MiB
2025/11/21 00:10:52.770, 237.46, 82 %, 3109 MiB
2025/11/21 00:10:52.773, 16.47, 0 %, 4 MiB
2025/11/21 00:10:52.873, 227.96, 82 %, 3109 MiB
2025/11/21 00:10:52.876, 16.37, 0 %, 4 MiB
2025/11/21 00:10:52.979, 224.20, 87 %, 3109 MiB
2025/11/21 00:10:52.981, 16.37, 0 %, 4 MiB
2025/11/21 00:10:53.082, 247.68, 87 %, 3109 MiB
2025/11/21 00:10:53.085, 16.37, 0 %, 4 MiB
2025/11/21 00:10:53.185, 183.84, 94 %, 3109 MiB
2025/11/21 00:10:53.188, 16.37, 0 %, 4 MiB
2025/11/21 00:10:53.289, 239.82, 72 %, 3109 MiB
2025/11/21 00:10:53.291, 16.37, 0 %, 4 MiB
2025/11/21 00:10:53.392, 204.89, 72 %, 3109 MiB
2025/11/21 00:10:53.394, 16.37, 0 %, 4 MiB
2025/11/21 00:10:53.495, 239.44, 82 %, 3109 MiB
2025/11/21 00:10:53.497, 16.37, 0 %, 4 MiB
2025/11/21 00:10:53.598, 224.45, 94 %, 3109 MiB
2025/11/21 00:10:53.600, 16.37, 0 %, 4 MiB
2025/11/21 00:10:53.701, 233.97, 94 %, 3109 MiB
2025/11/21 00:10:53.705, 16.37, 0 %, 4 MiB
2025/11/21 00:10:53.806, 238.23, 87 %, 3109 MiB
2025/11/21 00:10:53.809, 16.37, 0 %, 4 MiB
2025/11/21 00:10:53.909, 218.17, 87 %, 3109 MiB
2025/11/21 00:10:53.911, 16.47, 0 %, 4 MiB
2025/11/21 00:10:54.015, 250.05, 83 %, 3109 MiB
2025/11/21 00:10:54.017, 16.47, 0 %, 4 MiB
2025/11/21 00:10:54.118, 200.67, 91 %, 3109 MiB
2025/11/21 00:10:54.120, 16.47, 0 %, 4 MiB
2025/11/21 00:10:54.221, 246.09, 91 %, 3109 MiB
2025/11/21 00:10:54.223, 16.47, 0 %, 4 MiB
2025/11/21 00:10:54.324, 206.21, 91 %, 3109 MiB
2025/11/21 00:10:54.326, 16.47, 0 %, 4 MiB
2025/11/21 00:10:54.427, 242.45, 83 %, 3109 MiB
2025/11/21 00:10:54.429, 16.47, 0 %, 4 MiB
2025/11/21 00:10:54.530, 224.02, 83 %, 3109 MiB
2025/11/21 00:10:54.532, 16.47, 0 %, 4 MiB
2025/11/21 00:10:54.633, 237.65, 84 %, 3109 MiB
2025/11/21 00:10:54.635, 16.47, 0 %, 4 MiB
2025/11/21 00:10:54.736, 234.66, 84 %, 3109 MiB
2025/11/21 00:10:54.738, 16.47, 0 %, 4 MiB
2025/11/21 00:10:54.839, 215.93, 94 %, 3109 MiB
2025/11/21 00:10:54.841, 16.47, 0 %, 4 MiB
2025/11/21 00:10:54.942, 243.31, 87 %, 3109 MiB
2025/11/21 00:10:54.944, 16.47, 0 %, 4 MiB
2025/11/21 00:10:55.047, 198.68, 87 %, 3109 MiB
2025/11/21 00:10:55.050, 16.47, 0 %, 4 MiB
2025/11/21 00:10:55.150, 245.33, 83 %, 3109 MiB
2025/11/21 00:10:55.153, 16.47, 0 %, 4 MiB
2025/11/21 00:10:55.253, 204.97, 83 %, 3109 MiB
2025/11/21 00:10:55.256, 16.47, 0 %, 4 MiB
2025/11/21 00:10:55.356, 242.36, 87 %, 3109 MiB
2025/11/21 00:10:55.359, 16.47, 0 %, 4 MiB
2025/11/21 00:10:55.459, 220.78, 94 %, 3109 MiB
2025/11/21 00:10:55.462, 16.47, 0 %, 4 MiB
2025/11/21 00:10:55.562, 207.62, 94 %, 3109 MiB
2025/11/21 00:10:55.565, 16.47, 0 %, 4 MiB
2025/11/21 00:10:55.665, 244.42, 75 %, 3109 MiB
2025/11/21 00:10:55.668, 16.47, 0 %, 4 MiB
2025/11/21 00:10:55.768, 209.26, 84 %, 3109 MiB
2025/11/21 00:10:55.771, 16.85, 0 %, 4 MiB
2025/11/21 00:10:55.876, 248.90, 84 %, 3109 MiB
2025/11/21 00:10:55.879, 16.85, 0 %, 4 MiB
2025/11/21 00:10:55.979, 195.52, 94 %, 3109 MiB
2025/11/21 00:10:55.982, 16.85, 0 %, 4 MiB
2025/11/21 00:10:56.083, 245.37, 94 %, 3109 MiB
2025/11/21 00:10:56.085, 16.85, 0 %, 4 MiB
2025/11/21 00:10:56.186, 212.07, 88 %, 3109 MiB
2025/11/21 00:10:56.188, 16.85, 0 %, 4 MiB
2025/11/21 00:10:56.289, 241.22, 83 %, 3109 MiB
2025/11/21 00:10:56.291, 16.85, 0 %, 4 MiB
2025/11/21 00:10:56.392, 228.05, 83 %, 3109 MiB
2025/11/21 00:10:56.394, 16.85, 0 %, 4 MiB
2025/11/21 00:10:56.495, 229.20, 89 %, 3109 MiB
2025/11/21 00:10:56.497, 16.85, 0 %, 4 MiB
2025/11/21 00:10:56.598, 246.70, 93 %, 3109 MiB
2025/11/21 00:10:56.600, 16.85, 0 %, 4 MiB
2025/11/21 00:10:56.701, 215.16, 93 %, 3109 MiB
2025/11/21 00:10:56.703, 16.85, 0 %, 4 MiB
2025/11/21 00:10:56.804, 249.75, 83 %, 3109 MiB
2025/11/21 00:10:56.806, 16.37, 0 %, 4 MiB
2025/11/21 00:10:56.910, 194.58, 83 %, 3109 MiB
2025/11/21 00:10:56.912, 16.37, 0 %, 4 MiB
2025/11/21 00:10:57.013, 245.40, 82 %, 3109 MiB
2025/11/21 00:10:57.015, 16.37, 0 %, 4 MiB
2025/11/21 00:10:57.116, 210.79, 94 %, 3109 MiB
2025/11/21 00:10:57.118, 16.37, 0 %, 4 MiB
2025/11/21 00:10:57.219, 240.66, 94 %, 3109 MiB
2025/11/21 00:10:57.221, 16.37, 0 %, 4 MiB
2025/11/21 00:10:57.322, 227.26, 87 %, 3109 MiB
2025/11/21 00:10:57.324, 16.37, 0 %, 4 MiB
2025/11/21 00:10:57.425, 228.69, 87 %, 3109 MiB
2025/11/21 00:10:57.427, 16.37, 0 %, 4 MiB
2025/11/21 00:10:57.528, 246.12, 83 %, 3109 MiB
2025/11/21 00:10:57.530, 16.37, 0 %, 4 MiB
2025/11/21 00:10:57.631, 217.53, 87 %, 3109 MiB
2025/11/21 00:10:57.634, 16.37, 0 %, 4 MiB
2025/11/21 00:10:57.734, 250.98, 87 %, 3109 MiB
2025/11/21 00:10:57.737, 16.37, 0 %, 4 MiB
2025/11/21 00:10:57.837, 194.20, 94 %, 3109 MiB
2025/11/21 00:10:57.840, 16.37, 0 %, 4 MiB
2025/11/21 00:10:57.943, 242.74, 82 %, 3109 MiB
2025/11/21 00:10:57.945, 16.37, 0 %, 4 MiB
2025/11/21 00:10:58.046, 210.81, 82 %, 3109 MiB
2025/11/21 00:10:58.048, 16.37, 0 %, 4 MiB
2025/11/21 00:10:58.149, 238.30, 81 %, 3109 MiB
2025/11/21 00:10:58.151, 16.37, 0 %, 4 MiB
2025/11/21 00:10:58.252, 228.31, 81 %, 3109 MiB
2025/11/21 00:10:58.254, 16.37, 0 %, 4 MiB
2025/11/21 00:10:58.355, 223.55, 94 %, 3109 MiB
2025/11/21 00:10:58.357, 16.37, 0 %, 4 MiB
2025/11/21 00:10:58.458, 251.22, 87 %, 3109 MiB
2025/11/21 00:10:58.461, 16.37, 0 %, 4 MiB
2025/11/21 00:10:58.561, 209.24, 87 %, 3109 MiB
2025/11/21 00:10:58.564, 16.37, 0 %, 4 MiB
2025/11/21 00:10:58.664, 249.20, 82 %, 3109 MiB
2025/11/21 00:10:58.667, 16.37, 0 %, 4 MiB
2025/11/21 00:10:58.767, 199.77, 86 %, 3109 MiB
2025/11/21 00:10:58.770, 16.37, 0 %, 4 MiB
2025/11/21 00:10:58.871, 243.69, 86 %, 3109 MiB
2025/11/21 00:10:58.873, 16.37, 0 %, 4 MiB
2025/11/21 00:10:58.976, 217.11, 94 %, 3109 MiB
2025/11/21 00:10:58.978, 16.37, 0 %, 4 MiB
2025/11/21 00:10:59.079, 237.92, 94 %, 3109 MiB
2025/11/21 00:10:59.081, 16.37, 0 %, 4 MiB
2025/11/21 00:10:59.182, 231.83, 81 %, 3109 MiB
2025/11/21 00:10:59.184, 16.37, 0 %, 4 MiB
2025/11/21 00:10:59.285, 224.93, 82 %, 3109 MiB
2025/11/21 00:10:59.288, 16.37, 0 %, 4 MiB
2025/11/21 00:10:59.388, 252.22, 82 %, 3109 MiB
2025/11/21 00:10:59.391, 16.37, 0 %, 4 MiB
2025/11/21 00:10:59.492, 203.56, 94 %, 3109 MiB
2025/11/21 00:10:59.494, 16.37, 0 %, 4 MiB
2025/11/21 00:10:59.595, 248.19, 94 %, 3109 MiB
2025/11/21 00:10:59.597, 16.37, 0 %, 4 MiB
2025/11/21 00:10:59.698, 200.65, 86 %, 3109 MiB
2025/11/21 00:10:59.700, 16.37, 0 %, 4 MiB
2025/11/21 00:10:59.801, 237.92, 82 %, 3109 MiB
2025/11/21 00:10:59.803, 16.37, 0 %, 4 MiB
2025/11/21 00:10:59.904, 222.03, 82 %, 3109 MiB
2025/11/21 00:10:59.907, 16.37, 0 %, 4 MiB
2025/11/21 00:11:00.010, 237.35, 87 %, 3109 MiB
2025/11/21 00:11:00.012, 16.37, 0 %, 4 MiB
2025/11/21 00:11:00.113, 236.07, 94 %, 3109 MiB
2025/11/21 00:11:00.115, 16.37, 0 %, 4 MiB
2025/11/21 00:11:00.216, 199.19, 94 %, 3109 MiB
2025/11/21 00:11:00.218, 16.37, 0 %, 4 MiB
2025/11/21 00:11:00.319, 245.04, 74 %, 3109 MiB
2025/11/21 00:11:00.321, 16.37, 0 %, 4 MiB
2025/11/21 00:11:00.422, 197.73, 74 %, 3109 MiB
2025/11/21 00:11:00.424, 16.37, 0 %, 4 MiB
2025/11/21 00:11:00.525, 243.58, 81 %, 3109 MiB
2025/11/21 00:11:00.527, 16.37, 0 %, 4 MiB
2025/11/21 00:11:00.628, 219.65, 94 %, 3109 MiB
2025/11/21 00:11:00.630, 16.37, 0 %, 4 MiB
2025/11/21 00:11:00.731, 237.16, 94 %, 3109 MiB
2025/11/21 00:11:00.733, 16.37, 0 %, 4 MiB
2025/11/21 00:11:00.834, 233.06, 86 %, 3109 MiB
2025/11/21 00:11:00.837, 16.66, 0 %, 4 MiB
2025/11/21 00:11:00.940, 217.54, 81 %, 3109 MiB
2025/11/21 00:11:00.942, 16.66, 0 %, 4 MiB
2025/11/21 00:11:01.043, 248.72, 81 %, 3109 MiB
2025/11/21 00:11:01.045, 16.66, 0 %, 4 MiB
2025/11/21 00:11:01.154, 206.77, 93 %, 3109 MiB
2025/11/21 00:11:01.156, 16.66, 0 %, 4 MiB
2025/11/21 00:11:01.257, 248.06, 93 %, 3109 MiB
2025/11/21 00:11:01.259, 16.66, 0 %, 4 MiB
2025/11/21 00:11:01.360, 201.49, 88 %, 3109 MiB
2025/11/21 00:11:01.362, 16.66, 0 %, 4 MiB
2025/11/21 00:11:01.463, 245.09, 83 %, 3109 MiB
2025/11/21 00:11:01.465, 16.66, 0 %, 4 MiB
2025/11/21 00:11:01.566, 219.08, 83 %, 3109 MiB
2025/11/21 00:11:01.568, 16.66, 0 %, 4 MiB
2025/11/21 00:11:01.669, 231.63, 83 %, 3109 MiB
2025/11/21 00:11:01.671, 16.66, 0 %, 4 MiB
2025/11/21 00:11:01.772, 228.43, 93 %, 3109 MiB
2025/11/21 00:11:01.774, 16.66, 0 %, 4 MiB
2025/11/21 00:11:01.875, 217.24, 93 %, 3109 MiB
2025/11/21 00:11:01.877, 16.37, 0 %, 4 MiB
2025/11/21 00:11:01.980, 250.89, 85 %, 3109 MiB
2025/11/21 00:11:01.983, 16.37, 0 %, 4 MiB
2025/11/21 00:11:02.084, 198.85, 85 %, 3109 MiB
2025/11/21 00:11:02.121, 16.37, 0 %, 4 MiB
2025/11/21 00:11:02.222, 253.02, 81 %, 3109 MiB
2025/11/21 00:11:02.224, 16.37, 0 %, 4 MiB
2025/11/21 00:11:02.325, 206.48, 94 %, 3109 MiB
2025/11/21 00:11:02.327, 16.37, 0 %, 4 MiB
2025/11/21 00:11:02.428, 248.72, 94 %, 3109 MiB
2025/11/21 00:11:02.430, 16.37, 0 %, 4 MiB
2025/11/21 00:11:02.531, 203.56, 87 %, 3109 MiB
2025/11/21 00:11:02.533, 16.37, 0 %, 4 MiB
2025/11/21 00:11:02.634, 232.21, 72 %, 3109 MiB
2025/11/21 00:11:02.636, 16.37, 0 %, 4 MiB
2025/11/21 00:11:02.737, 227.62, 72 %, 3109 MiB
2025/11/21 00:11:02.739, 16.37, 0 %, 4 MiB
2025/11/21 00:11:02.840, 222.44, 89 %, 3109 MiB
2025/11/21 00:11:02.842, 16.37, 0 %, 4 MiB
2025/11/21 00:11:02.943, 252.40, 91 %, 3109 MiB
2025/11/21 00:11:02.945, 16.47, 0 %, 4 MiB
2025/11/21 00:11:03.048, 205.76, 91 %, 3109 MiB
2025/11/21 00:11:03.050, 16.47, 0 %, 4 MiB
2025/11/21 00:11:03.151, 247.87, 81 %, 3109 MiB
2025/11/21 00:11:03.153, 16.47, 0 %, 4 MiB
2025/11/21 00:11:03.254, 201.86, 81 %, 3109 MiB
2025/11/21 00:11:03.256, 16.47, 0 %, 4 MiB
2025/11/21 00:11:03.357, 243.76, 81 %, 3109 MiB
2025/11/21 00:11:03.359, 16.47, 0 %, 4 MiB
2025/11/21 00:11:03.460, 221.18, 94 %, 3109 MiB
2025/11/21 00:11:03.463, 16.47, 0 %, 4 MiB
2025/11/21 00:11:03.563, 231.85, 94 %, 3109 MiB
2025/11/21 00:11:03.566, 16.47, 0 %, 4 MiB
2025/11/21 00:11:03.666, 233.34, 87 %, 3109 MiB
2025/11/21 00:11:03.669, 16.47, 0 %, 4 MiB
2025/11/21 00:11:03.770, 218.67, 87 %, 3109 MiB
2025/11/21 00:11:03.772, 16.47, 0 %, 4 MiB
2025/11/21 00:11:03.873, 251.18, 82 %, 3109 MiB
2025/11/21 00:11:03.875, 16.47, 0 %, 4 MiB
2025/11/21 00:11:03.976, 195.94, 91 %, 3109 MiB
2025/11/21 00:11:03.978, 16.47, 0 %, 4 MiB
2025/11/21 00:11:04.081, 247.83, 91 %, 3109 MiB
2025/11/21 00:11:04.083, 16.47, 0 %, 4 MiB
2025/11/21 00:11:04.184, 206.67, 89 %, 3109 MiB
2025/11/21 00:11:04.186, 16.47, 0 %, 4 MiB
2025/11/21 00:11:04.287, 235.69, 82 %, 3109 MiB
2025/11/21 00:11:04.290, 16.47, 0 %, 4 MiB
2025/11/21 00:11:04.391, 225.24, 82 %, 3109 MiB
2025/11/21 00:11:04.393, 16.47, 0 %, 4 MiB
2025/11/21 00:11:04.494, 224.56, 82 %, 3109 MiB
2025/11/21 00:11:04.496, 16.47, 0 %, 4 MiB
2025/11/21 00:11:04.597, 249.86, 82 %, 3109 MiB
2025/11/21 00:11:04.599, 16.47, 0 %, 4 MiB
2025/11/21 00:11:04.700, 205.93, 92 %, 3109 MiB
2025/11/21 00:11:04.702, 16.47, 0 %, 4 MiB
2025/11/21 00:11:04.803, 249.10, 84 %, 3109 MiB
2025/11/21 00:11:04.808, 16.47, 0 %, 4 MiB
2025/11/21 00:11:04.909, 199.71, 84 %, 3109 MiB
2025/11/21 00:11:04.911, 16.47, 0 %, 4 MiB
2025/11/21 00:11:05.012, 234.25, 72 %, 3109 MiB
2025/11/21 00:11:05.014, 16.37, 0 %, 4 MiB
2025/11/21 00:11:05.117, 225.76, 92 %, 3109 MiB
2025/11/21 00:11:05.129, 16.37, 0 %, 4 MiB
2025/11/21 00:11:05.230, 235.50, 92 %, 3109 MiB
2025/11/21 00:11:05.233, 16.37, 0 %, 4 MiB
2025/11/21 00:11:05.333, 238.11, 85 %, 3109 MiB
2025/11/21 00:11:05.336, 16.37, 0 %, 4 MiB
2025/11/21 00:11:05.436, 210.96, 85 %, 3109 MiB
2025/11/21 00:11:05.439, 16.37, 0 %, 4 MiB
2025/11/21 00:11:05.539, 249.10, 81 %, 3109 MiB
2025/11/21 00:11:05.542, 16.37, 0 %, 4 MiB
2025/11/21 00:11:05.642, 195.15, 91 %, 3109 MiB
2025/11/21 00:11:05.645, 16.37, 0 %, 4 MiB
2025/11/21 00:11:05.745, 247.03, 91 %, 3109 MiB
2025/11/21 00:11:05.748, 16.37, 0 %, 4 MiB
2025/11/21 00:11:05.848, 215.89, 88 %, 3109 MiB
2025/11/21 00:11:05.888, 16.56, 0 %, 4 MiB
2025/11/21 00:11:05.991, 249.90, 83 %, 3109 MiB
2025/11/21 00:11:05.994, 16.56, 0 %, 4 MiB
2025/11/21 00:11:06.095, 203.56, 83 %, 3109 MiB
2025/11/21 00:11:06.097, 16.56, 0 %, 4 MiB
2025/11/21 00:11:06.197, 243.20, 82 %, 3109 MiB
2025/11/21 00:11:06.200, 16.56, 0 %, 4 MiB
2025/11/21 00:11:06.301, 225.67, 94 %, 3109 MiB
2025/11/21 00:11:06.303, 16.56, 0 %, 4 MiB
2025/11/21 00:11:06.403, 237.36, 94 %, 3109 MiB
2025/11/21 00:11:06.408, 16.56, 0 %, 4 MiB
2025/11/21 00:11:06.509, 240.27, 85 %, 3109 MiB
2025/11/21 00:11:06.511, 16.56, 0 %, 4 MiB
2025/11/21 00:11:06.612, 221.01, 85 %, 3109 MiB
2025/11/21 00:11:06.614, 16.56, 0 %, 4 MiB
2025/11/21 00:11:06.715, 250.67, 82 %, 3109 MiB
2025/11/21 00:11:06.717, 16.56, 0 %, 4 MiB
2025/11/21 00:11:06.818, 191.41, 92 %, 3109 MiB
2025/11/21 00:11:06.821, 16.56, 0 %, 4 MiB
2025/11/21 00:11:06.921, 239.29, 92 %, 3109 MiB
2025/11/21 00:11:06.985, 16.47, 0 %, 4 MiB
2025/11/21 00:11:07.089, 221.93, 88 %, 3109 MiB
2025/11/21 00:11:07.091, 16.47, 0 %, 4 MiB
2025/11/21 00:11:07.192, 252.32, 82 %, 3109 MiB
2025/11/21 00:11:07.194, 16.47, 0 %, 4 MiB
2025/11/21 00:11:07.295, 186.60, 84 %, 3109 MiB
2025/11/21 00:11:07.297, 16.47, 0 %, 4 MiB
2025/11/21 00:11:07.398, 230.06, 84 %, 3109 MiB
2025/11/21 00:11:07.400, 16.47, 0 %, 4 MiB
2025/11/21 00:11:07.501, 216.03, 84 %, 3109 MiB
2025/11/21 00:11:07.503, 16.47, 0 %, 4 MiB
2025/11/21 00:11:07.604, 235.79, 84 %, 3109 MiB
2025/11/21 00:11:07.608, 16.47, 0 %, 4 MiB
2025/11/21 00:11:07.709, 236.60, 81 %, 3109 MiB
2025/11/21 00:11:07.712, 16.47, 0 %, 4 MiB
2025/11/21 00:11:07.813, 221.03, 81 %, 3109 MiB
2025/11/21 00:11:07.815, 16.47, 0 %, 4 MiB
2025/11/21 00:11:07.916, 250.80, 81 %, 3109 MiB
2025/11/21 00:11:07.918, 16.47, 0 %, 4 MiB
2025/11/21 00:11:08.019, 196.19, 94 %, 3109 MiB
2025/11/21 00:11:08.021, 16.47, 0 %, 4 MiB
2025/11/21 00:11:08.124, 241.11, 87 %, 3109 MiB
2025/11/21 00:11:08.126, 16.47, 0 %, 4 MiB
2025/11/21 00:11:08.227, 206.88, 87 %, 3109 MiB
2025/11/21 00:11:08.229, 16.47, 0 %, 4 MiB
2025/11/21 00:11:08.330, 242.74, 82 %, 3109 MiB
2025/11/21 00:11:08.332, 16.47, 0 %, 4 MiB
2025/11/21 00:11:08.433, 227.83, 82 %, 3109 MiB
2025/11/21 00:11:08.435, 16.47, 0 %, 4 MiB
2025/11/21 00:11:08.536, 232.12, 91 %, 3109 MiB
2025/11/21 00:11:08.538, 16.47, 0 %, 4 MiB
2025/11/21 00:11:08.639, 245.48, 89 %, 3109 MiB
2025/11/21 00:11:08.641, 16.47, 0 %, 4 MiB
2025/11/21 00:11:08.742, 209.68, 89 %, 3109 MiB
2025/11/21 00:11:08.744, 16.47, 0 %, 4 MiB
2025/11/21 00:11:08.845, 246.78, 82 %, 3109 MiB
2025/11/21 00:11:08.881, 16.47, 0 %, 4 MiB
2025/11/21 00:11:08.982, 216.67, 83 %, 3109 MiB
2025/11/21 00:11:08.984, 16.47, 0 %, 4 MiB
2025/11/21 00:11:09.085, 252.40, 83 %, 3109 MiB
2025/11/21 00:11:09.087, 16.37, 0 %, 4 MiB
2025/11/21 00:11:09.190, 193.31, 93 %, 3109 MiB
2025/11/21 00:11:09.192, 16.37, 0 %, 4 MiB
2025/11/21 00:11:09.293, 240.76, 86 %, 3109 MiB
2025/11/21 00:11:09.295, 16.37, 0 %, 4 MiB
2025/11/21 00:11:09.396, 212.66, 86 %, 3109 MiB
2025/11/21 00:11:09.398, 16.37, 0 %, 4 MiB
2025/11/21 00:11:09.499, 242.73, 82 %, 3109 MiB
2025/11/21 00:11:09.502, 16.37, 0 %, 4 MiB
2025/11/21 00:11:09.602, 230.89, 82 %, 3109 MiB
2025/11/21 00:11:09.605, 16.37, 0 %, 4 MiB
2025/11/21 00:11:09.705, 159.34, 93 %, 3109 MiB
2025/11/21 00:11:09.708, 16.37, 0 %, 4 MiB
2025/11/21 00:11:09.809, 119.96, 14 %, 3109 MiB
2025/11/21 00:11:09.811, 16.37, 0 %, 4 MiB
2025/11/21 00:11:09.912, 105.05, 14 %, 3109 MiB
2025/11/21 00:11:09.914, 16.37, 0 %, 4 MiB
2025/11/21 00:11:10.015, 99.07, 7 %, 3109 MiB
2025/11/21 00:11:10.018, 16.37, 0 %, 4 MiB
2025/11/21 00:11:10.119, 96.65, 7 %, 3109 MiB
2025/11/21 00:11:10.121, 16.48, 0 %, 4 MiB
2025/11/21 00:11:10.225, 95.89, 0 %, 3109 MiB
2025/11/21 00:11:10.227, 16.48, 0 %, 4 MiB
2025/11/21 00:11:10.328, 95.52, 6 %, 3109 MiB
2025/11/21 00:11:10.330, 16.48, 0 %, 4 MiB
2025/11/21 00:11:10.431, 95.43, 6 %, 3109 MiB
2025/11/21 00:11:10.434, 16.48, 0 %, 4 MiB
2025/11/21 00:11:10.534, 95.26, 6 %, 3109 MiB
2025/11/21 00:11:10.537, 16.48, 0 %, 4 MiB
2025/11/21 00:11:10.638, 95.36, 12 %, 3109 MiB
2025/11/21 00:11:10.640, 16.48, 0 %, 4 MiB
2025/11/21 00:11:10.741, 95.17, 12 %, 3109 MiB
2025/11/21 00:11:10.743, 16.48, 0 %, 4 MiB
2025/11/21 00:11:10.844, 95.00, 6 %, 3109 MiB
2025/11/21 00:11:10.847, 16.48, 0 %, 4 MiB
2025/11/21 00:11:10.950, 94.87, 6 %, 3109 MiB
2025/11/21 00:11:10.953, 16.48, 0 %, 4 MiB
2025/11/21 00:11:11.054, 95.06, 2 %, 3109 MiB
2025/11/21 00:11:11.056, 16.48, 0 %, 4 MiB
2025/11/21 00:11:11.156, 94.90, 12 %, 3109 MiB
2025/11/21 00:11:11.159, 16.48, 0 %, 4 MiB
2025/11/21 00:11:11.260, 94.77, 12 %, 3109 MiB
2025/11/21 00:11:11.262, 16.48, 0 %, 4 MiB
2025/11/21 00:11:11.363, 94.80, 0 %, 3109 MiB
2025/11/21 00:11:11.365, 16.48, 0 %, 4 MiB
2025/11/21 00:11:11.466, 94.90, 6 %, 3109 MiB
2025/11/21 00:11:11.469, 16.48, 0 %, 4 MiB
2025/11/21 00:11:11.569, 94.90, 6 %, 3109 MiB
2025/11/21 00:11:11.572, 16.48, 0 %, 4 MiB
2025/11/21 00:11:11.673, 94.90, 8 %, 3109 MiB
2025/11/21 00:11:11.675, 16.48, 0 %, 4 MiB
2025/11/21 00:11:11.776, 94.80, 8 %, 3109 MiB
2025/11/21 00:11:11.779, 16.48, 0 %, 4 MiB
2025/11/21 00:11:11.880, 94.80, 9 %, 3109 MiB
2025/11/21 00:11:11.882, 16.39, 0 %, 4 MiB
2025/11/21 00:11:11.985, 94.80, 9 %, 3109 MiB
2025/11/21 00:11:11.987, 16.39, 0 %, 4 MiB
2025/11/21 00:11:12.088, 94.80, 9 %, 3109 MiB
2025/11/21 00:11:12.091, 16.39, 0 %, 4 MiB
2025/11/21 00:11:12.191, 94.80, 7 %, 3109 MiB
2025/11/21 00:11:12.194, 16.39, 0 %, 4 MiB
2025/11/21 00:11:12.295, 94.34, 7 %, 3109 MiB
2025/11/21 00:11:12.297, 16.39, 0 %, 4 MiB
2025/11/21 00:11:12.398, 81.04, 7 %, 3109 MiB
2025/11/21 00:11:12.400, 16.39, 0 %, 4 MiB
2025/11/21 00:11:12.502, 75.90, 8 %, 3109 MiB
2025/11/21 00:11:12.504, 16.39, 0 %, 4 MiB
2025/11/21 00:11:12.605, 74.22, 8 %, 3109 MiB
2025/11/21 00:11:12.609, 16.39, 0 %, 4 MiB
2025/11/21 00:11:12.710, 73.45, 9 %, 3109 MiB
2025/11/21 00:11:12.713, 16.39, 0 %, 4 MiB
2025/11/21 00:11:12.814, 73.16, 10 %, 3109 MiB
2025/11/21 00:11:12.816, 16.39, 0 %, 4 MiB
2025/11/21 00:11:12.917, 73.07, 10 %, 3109 MiB
2025/11/21 00:11:12.920, 16.58, 0 %, 4 MiB
2025/11/21 00:11:13.023, 135.08, 16 %, 3109 MiB
2025/11/21 00:11:13.025, 16.58, 0 %, 4 MiB
2025/11/21 00:11:13.126, 157.85, 16 %, 3109 MiB
2025/11/21 00:11:13.128, 16.58, 0 %, 4 MiB
2025/11/21 00:11:13.231, 154.03, 98 %, 3109 MiB
2025/11/21 00:11:13.233, 16.58, 0 %, 4 MiB
2025/11/21 00:11:13.334, 204.95, 82 %, 3109 MiB
2025/11/21 00:11:13.336, 16.58, 0 %, 4 MiB
2025/11/21 00:11:13.437, 181.69, 82 %, 3109 MiB
2025/11/21 00:11:13.440, 16.58, 0 %, 4 MiB
2025/11/21 00:11:13.540, 233.52, 79 %, 3109 MiB
2025/11/21 00:11:13.543, 16.58, 0 %, 4 MiB
2025/11/21 00:11:13.644, 221.49, 93 %, 3109 MiB
2025/11/21 00:11:13.646, 16.58, 0 %, 4 MiB
2025/11/21 00:11:13.746, 225.12, 93 %, 3109 MiB
2025/11/21 00:11:13.749, 16.58, 0 %, 4 MiB
2025/11/21 00:11:13.849, 248.45, 85 %, 3109 MiB
2025/11/21 00:11:13.852, 16.58, 0 %, 4 MiB
2025/11/21 00:11:13.952, 207.24, 85 %, 3109 MiB
2025/11/21 00:11:13.955, 16.47, 0 %, 4 MiB
2025/11/21 00:11:14.058, 250.20, 80 %, 3109 MiB
2025/11/21 00:11:14.060, 16.47, 0 %, 4 MiB
2025/11/21 00:11:14.161, 199.48, 93 %, 3109 MiB
2025/11/21 00:11:14.163, 16.47, 0 %, 4 MiB
2025/11/21 00:11:14.264, 245.30, 93 %, 3109 MiB
2025/11/21 00:11:14.267, 16.47, 0 %, 4 MiB
2025/11/21 00:11:14.367, 218.16, 86 %, 3109 MiB
2025/11/21 00:11:14.369, 16.47, 0 %, 4 MiB
2025/11/21 00:11:14.470, 229.86, 80 %, 3109 MiB
2025/11/21 00:11:14.472, 16.47, 0 %, 4 MiB
2025/11/21 00:11:14.573, 235.82, 80 %, 3109 MiB
2025/11/21 00:11:14.575, 16.47, 0 %, 4 MiB
2025/11/21 00:11:14.676, 213.06, 85 %, 3109 MiB
2025/11/21 00:11:14.679, 16.47, 0 %, 4 MiB
2025/11/21 00:11:14.780, 251.13, 85 %, 3109 MiB
2025/11/21 00:11:14.782, 16.47, 0 %, 4 MiB
2025/11/21 00:11:14.883, 196.35, 92 %, 3109 MiB
2025/11/21 00:11:14.885, 16.47, 0 %, 4 MiB
2025/11/21 00:11:14.986, 245.87, 80 %, 3109 MiB
2025/11/21 00:11:14.988, 16.37, 0 %, 4 MiB
2025/11/21 00:11:15.091, 215.18, 80 %, 3109 MiB
2025/11/21 00:11:15.094, 16.37, 0 %, 4 MiB
2025/11/21 00:11:15.195, 240.62, 81 %, 3109 MiB
2025/11/21 00:11:15.197, 16.37, 0 %, 4 MiB
2025/11/21 00:11:15.298, 231.59, 81 %, 3109 MiB
2025/11/21 00:11:15.300, 16.37, 0 %, 4 MiB
2025/11/21 00:11:15.400, 196.64, 93 %, 3109 MiB
2025/11/21 00:11:15.403, 16.37, 0 %, 4 MiB
2025/11/21 00:11:15.504, 245.35, 74 %, 3109 MiB
2025/11/21 00:11:15.506, 16.37, 0 %, 4 MiB
2025/11/21 00:11:15.606, 197.65, 74 %, 3109 MiB
2025/11/21 00:11:15.609, 16.37, 0 %, 4 MiB
2025/11/21 00:11:15.710, 244.57, 80 %, 3109 MiB
2025/11/21 00:11:15.712, 16.37, 0 %, 4 MiB
2025/11/21 00:11:15.813, 221.97, 93 %, 3109 MiB
2025/11/21 00:11:15.815, 16.75, 0 %, 4 MiB
2025/11/21 00:11:15.919, 238.49, 93 %, 3109 MiB
2025/11/21 00:11:15.921, 16.75, 0 %, 4 MiB
2025/11/21 00:11:16.022, 235.27, 85 %, 3109 MiB
2025/11/21 00:11:16.024, 16.75, 0 %, 4 MiB
2025/11/21 00:11:16.125, 210.96, 85 %, 3109 MiB
2025/11/21 00:11:16.127, 16.75, 0 %, 4 MiB
2025/11/21 00:11:16.228, 249.66, 78 %, 3109 MiB
2025/11/21 00:11:16.230, 16.75, 0 %, 4 MiB
2025/11/21 00:11:16.331, 195.35, 90 %, 3109 MiB
2025/11/21 00:11:16.333, 16.75, 0 %, 4 MiB
2025/11/21 00:11:16.434, 247.01, 90 %, 3109 MiB
2025/11/21 00:11:16.436, 16.75, 0 %, 4 MiB
2025/11/21 00:11:16.537, 215.74, 89 %, 3109 MiB
2025/11/21 00:11:16.539, 16.75, 0 %, 4 MiB
2025/11/21 00:11:16.640, 239.62, 80 %, 3109 MiB
2025/11/21 00:11:16.642, 16.75, 0 %, 4 MiB
2025/11/21 00:11:16.743, 231.11, 80 %, 3109 MiB
2025/11/21 00:11:16.745, 16.75, 0 %, 4 MiB
2025/11/21 00:11:16.846, 219.03, 82 %, 3109 MiB
2025/11/21 00:11:16.848, 16.47, 0 %, 4 MiB
2025/11/21 00:11:16.951, 244.80, 82 %, 3109 MiB
2025/11/21 00:11:16.957, 16.47, 0 %, 4 MiB
2025/11/21 00:11:17.058, 198.78, 94 %, 3109 MiB
2025/11/21 00:11:17.060, 16.47, 0 %, 4 MiB
2025/11/21 00:11:17.161, 248.61, 82 %, 3109 MiB
2025/11/21 00:11:17.163, 16.47, 0 %, 4 MiB
2025/11/21 00:11:17.264, 206.53, 82 %, 3109 MiB
2025/11/21 00:11:17.266, 16.47, 0 %, 4 MiB
2025/11/21 00:11:17.367, 242.79, 80 %, 3109 MiB
2025/11/21 00:11:17.369, 16.47, 0 %, 4 MiB
2025/11/21 00:11:17.470, 223.54, 80 %, 3109 MiB
2025/11/21 00:11:17.473, 16.47, 0 %, 4 MiB
2025/11/21 00:11:17.574, 220.36, 93 %, 3109 MiB
2025/11/21 00:11:17.576, 16.47, 0 %, 4 MiB
2025/11/21 00:11:17.677, 246.37, 85 %, 3109 MiB
2025/11/21 00:11:17.679, 16.47, 0 %, 4 MiB
2025/11/21 00:11:17.780, 187.81, 85 %, 3109 MiB
2025/11/21 00:11:17.782, 16.47, 0 %, 4 MiB
2025/11/21 00:11:17.883, 239.86, 69 %, 3109 MiB
2025/11/21 00:11:17.885, 16.27, 0 %, 4 MiB
2025/11/21 00:11:17.988, 211.41, 93 %, 3109 MiB
2025/11/21 00:11:17.991, 16.27, 0 %, 4 MiB
2025/11/21 00:11:18.092, 239.35, 93 %, 3109 MiB
2025/11/21 00:11:18.094, 16.27, 0 %, 4 MiB
2025/11/21 00:11:18.195, 231.03, 84 %, 3109 MiB
2025/11/21 00:11:18.198, 16.27, 0 %, 4 MiB
2025/11/21 00:11:18.299, 222.57, 84 %, 3109 MiB
2025/11/21 00:11:18.301, 16.27, 0 %, 4 MiB
2025/11/21 00:11:18.402, 253.08, 78 %, 3109 MiB
2025/11/21 00:11:18.404, 16.27, 0 %, 4 MiB
2025/11/21 00:11:18.505, 192.61, 89 %, 3109 MiB
2025/11/21 00:11:18.507, 16.27, 0 %, 4 MiB
2025/11/21 00:11:18.609, 240.77, 89 %, 3109 MiB
2025/11/21 00:11:18.611, 16.27, 0 %, 4 MiB
2025/11/21 00:11:18.712, 207.52, 89 %, 3109 MiB
2025/11/21 00:11:18.714, 16.27, 0 %, 4 MiB
2025/11/21 00:11:18.815, 238.10, 79 %, 3109 MiB
2025/11/21 00:11:18.818, 16.27, 0 %, 4 MiB
2025/11/21 00:11:18.918, 230.90, 79 %, 3109 MiB
2025/11/21 00:11:18.921, 16.37, 0 %, 4 MiB
2025/11/21 00:11:19.024, 224.02, 82 %, 3109 MiB
2025/11/21 00:11:19.026, 16.37, 0 %, 4 MiB
2025/11/21 00:11:19.127, 251.63, 82 %, 3109 MiB
2025/11/21 00:11:19.129, 16.37, 0 %, 4 MiB
2025/11/21 00:11:19.230, 198.18, 94 %, 3109 MiB
2025/11/21 00:11:19.232, 16.37, 0 %, 4 MiB
2025/11/21 00:11:19.334, 243.66, 81 %, 3109 MiB
2025/11/21 00:11:19.336, 16.37, 0 %, 4 MiB
2025/11/21 00:11:19.437, 206.21, 81 %, 3109 MiB
2025/11/21 00:11:19.439, 16.37, 0 %, 4 MiB
2025/11/21 00:11:19.540, 242.64, 80 %, 3109 MiB
2025/11/21 00:11:19.542, 16.37, 0 %, 4 MiB
2025/11/21 00:11:19.643, 226.49, 93 %, 3109 MiB
2025/11/21 00:11:19.646, 16.37, 0 %, 4 MiB
2025/11/21 00:11:19.747, 219.06, 93 %, 3109 MiB
2025/11/21 00:11:19.749, 16.37, 0 %, 4 MiB
2025/11/21 00:11:19.850, 247.90, 84 %, 3109 MiB
2025/11/21 00:11:19.852, 16.37, 0 %, 4 MiB
2025/11/21 00:11:19.953, 202.08, 84 %, 3109 MiB
2025/11/21 00:11:19.955, 16.47, 0 %, 4 MiB
2025/11/21 00:11:20.059, 249.49, 78 %, 3109 MiB
2025/11/21 00:11:20.061, 16.47, 0 %, 4 MiB
2025/11/21 00:11:20.162, 203.69, 91 %, 3109 MiB
2025/11/21 00:11:20.164, 16.47, 0 %, 4 MiB
2025/11/21 00:11:20.265, 228.84, 91 %, 3109 MiB
2025/11/21 00:11:20.267, 16.47, 0 %, 4 MiB
2025/11/21 00:11:20.368, 232.60, 74 %, 3109 MiB
2025/11/21 00:11:20.370, 16.47, 0 %, 4 MiB
2025/11/21 00:11:20.472, 217.53, 74 %, 3109 MiB
2025/11/21 00:11:20.474, 16.47, 0 %, 4 MiB
2025/11/21 00:11:20.575, 252.01, 79 %, 3109 MiB
2025/11/21 00:11:20.577, 16.47, 0 %, 4 MiB
2025/11/21 00:11:20.678, 194.90, 91 %, 3109 MiB
2025/11/21 00:11:20.680, 16.47, 0 %, 4 MiB
2025/11/21 00:11:20.781, 248.54, 91 %, 3109 MiB
2025/11/21 00:11:20.783, 16.47, 0 %, 4 MiB
2025/11/21 00:11:20.884, 211.89, 88 %, 3109 MiB
2025/11/21 00:11:20.887, 16.56, 0 %, 4 MiB
2025/11/21 00:11:20.990, 233.90, 78 %, 3109 MiB
2025/11/21 00:11:20.993, 16.56, 0 %, 4 MiB
2025/11/21 00:11:21.094, 229.26, 78 %, 3109 MiB
2025/11/21 00:11:21.096, 16.56, 0 %, 4 MiB
2025/11/21 00:11:21.197, 224.83, 83 %, 3109 MiB
2025/11/21 00:11:21.199, 16.56, 0 %, 4 MiB
2025/11/21 00:11:21.300, 253.63, 83 %, 3109 MiB
2025/11/21 00:11:21.302, 16.56, 0 %, 4 MiB
2025/11/21 00:11:21.403, 196.02, 94 %, 3109 MiB
2025/11/21 00:11:21.405, 16.56, 0 %, 4 MiB
2025/11/21 00:11:21.507, 243.85, 80 %, 3109 MiB
2025/11/21 00:11:21.511, 16.56, 0 %, 4 MiB
2025/11/21 00:11:21.611, 207.90, 80 %, 3109 MiB
2025/11/21 00:11:21.614, 16.56, 0 %, 4 MiB
2025/11/21 00:11:21.715, 243.20, 80 %, 3109 MiB
2025/11/21 00:11:21.717, 16.56, 0 %, 4 MiB
2025/11/21 00:11:21.818, 230.02, 93 %, 3109 MiB
2025/11/21 00:11:21.820, 16.56, 0 %, 4 MiB
2025/11/21 00:11:21.921, 227.18, 93 %, 3109 MiB
2025/11/21 00:11:21.926, 16.56, 0 %, 4 MiB
2025/11/21 00:11:22.029, 248.01, 85 %, 3109 MiB
2025/11/21 00:11:22.032, 16.56, 0 %, 4 MiB
2025/11/21 00:11:22.133, 207.80, 85 %, 3109 MiB
2025/11/21 00:11:22.135, 16.56, 0 %, 4 MiB
2025/11/21 00:11:22.236, 250.09, 80 %, 3109 MiB
2025/11/21 00:11:22.239, 16.56, 0 %, 4 MiB
2025/11/21 00:11:22.339, 200.26, 91 %, 3109 MiB
2025/11/21 00:11:22.342, 16.56, 0 %, 4 MiB
2025/11/21 00:11:22.443, 244.80, 91 %, 3109 MiB
2025/11/21 00:11:22.445, 16.56, 0 %, 4 MiB
2025/11/21 00:11:22.546, 224.02, 86 %, 3109 MiB
2025/11/21 00:11:22.548, 16.56, 0 %, 4 MiB
2025/11/21 00:11:22.649, 206.45, 67 %, 3109 MiB
2025/11/21 00:11:22.653, 16.56, 0 %, 4 MiB
2025/11/21 00:11:22.754, 247.20, 67 %, 3109 MiB
2025/11/21 00:11:22.757, 16.56, 0 %, 4 MiB
2025/11/21 00:11:22.857, 194.33, 91 %, 3109 MiB
2025/11/21 00:11:22.860, 16.56, 0 %, 4 MiB
2025/11/21 00:11:22.961, 248.91, 91 %, 3109 MiB
2025/11/21 00:11:22.963, 16.47, 0 %, 4 MiB
2025/11/21 00:11:23.066, 207.73, 87 %, 3109 MiB
2025/11/21 00:11:23.076, 16.47, 0 %, 4 MiB
2025/11/21 00:11:23.176, 236.60, 77 %, 3109 MiB
2025/11/21 00:11:23.179, 16.47, 0 %, 4 MiB
2025/11/21 00:11:23.280, 226.85, 77 %, 3109 MiB
2025/11/21 00:11:23.282, 16.47, 0 %, 4 MiB
2025/11/21 00:11:23.383, 224.39, 85 %, 3109 MiB
2025/11/21 00:11:23.385, 16.47, 0 %, 4 MiB
2025/11/21 00:11:23.486, 254.56, 92 %, 3109 MiB
2025/11/21 00:11:23.488, 16.47, 0 %, 4 MiB
2025/11/21 00:11:23.589, 206.78, 92 %, 3109 MiB
2025/11/21 00:11:23.591, 16.47, 0 %, 4 MiB
2025/11/21 00:11:23.692, 251.26, 80 %, 3109 MiB
2025/11/21 00:11:23.694, 16.47, 0 %, 4 MiB
2025/11/21 00:11:23.795, 202.93, 80 %, 3109 MiB
2025/11/21 00:11:23.797, 16.47, 0 %, 4 MiB
2025/11/21 00:11:23.898, 243.69, 80 %, 3109 MiB
2025/11/21 00:11:23.900, 16.47, 0 %, 4 MiB
2025/11/21 00:11:24.001, 227.65, 93 %, 3109 MiB
2025/11/21 00:11:24.003, 16.37, 0 %, 4 MiB
2025/11/21 00:11:24.106, 236.70, 93 %, 3109 MiB
2025/11/21 00:11:24.108, 16.37, 0 %, 4 MiB
2025/11/21 00:11:24.209, 245.28, 86 %, 3109 MiB
2025/11/21 00:11:24.212, 16.37, 0 %, 4 MiB
2025/11/21 00:11:24.313, 214.21, 86 %, 3109 MiB
2025/11/21 00:11:24.315, 16.37, 0 %, 4 MiB
2025/11/21 00:11:24.416, 251.55, 79 %, 3109 MiB
2025/11/21 00:11:24.418, 16.37, 0 %, 4 MiB
2025/11/21 00:11:24.519, 197.32, 93 %, 3109 MiB
2025/11/21 00:11:24.521, 16.37, 0 %, 4 MiB
2025/11/21 00:11:24.622, 240.37, 93 %, 3109 MiB
2025/11/21 00:11:24.624, 16.37, 0 %, 4 MiB
2025/11/21 00:11:24.725, 219.00, 86 %, 3109 MiB
2025/11/21 00:11:24.727, 16.37, 0 %, 4 MiB
2025/11/21 00:11:24.828, 239.14, 80 %, 3109 MiB
2025/11/21 00:11:24.830, 16.37, 0 %, 4 MiB
2025/11/21 00:11:24.931, 238.03, 80 %, 3109 MiB
2025/11/21 00:11:24.933, 16.37, 0 %, 4 MiB
2025/11/21 00:11:25.034, 186.39, 85 %, 3109 MiB
2025/11/21 00:11:25.036, 16.37, 0 %, 4 MiB
2025/11/21 00:11:25.139, 236.26, 85 %, 3109 MiB
2025/11/21 00:11:25.142, 16.37, 0 %, 4 MiB
2025/11/21 00:11:25.242, 203.58, 80 %, 3109 MiB
2025/11/21 00:11:25.245, 16.37, 0 %, 4 MiB
2025/11/21 00:11:25.346, 241.50, 80 %, 3109 MiB
2025/11/21 00:11:25.348, 16.37, 0 %, 4 MiB
2025/11/21 00:11:25.449, 227.67, 80 %, 3109 MiB
2025/11/21 00:11:25.451, 16.37, 0 %, 4 MiB
2025/11/21 00:11:25.552, 221.41, 85 %, 3109 MiB
2025/11/21 00:11:25.554, 16.37, 0 %, 4 MiB
2025/11/21 00:11:25.655, 246.50, 85 %, 3109 MiB
2025/11/21 00:11:25.657, 16.37, 0 %, 4 MiB
2025/11/21 00:11:25.758, 202.46, 93 %, 3109 MiB
2025/11/21 00:11:25.760, 16.37, 0 %, 4 MiB
2025/11/21 00:11:25.861, 245.85, 80 %, 3109 MiB
2025/11/21 00:11:25.884, 16.56, 0 %, 4 MiB
2025/11/21 00:11:25.988, 195.73, 80 %, 3109 MiB
2025/11/21 00:11:25.990, 16.56, 0 %, 4 MiB
2025/11/21 00:11:26.091, 249.67, 79 %, 3109 MiB
2025/11/21 00:11:26.093, 16.56, 0 %, 4 MiB
2025/11/21 00:11:26.194, 208.47, 93 %, 3109 MiB
2025/11/21 00:11:26.196, 16.56, 0 %, 4 MiB
2025/11/21 00:11:26.297, 234.57, 93 %, 3109 MiB
2025/11/21 00:11:26.300, 16.56, 0 %, 4 MiB
2025/11/21 00:11:26.400, 227.48, 84 %, 3109 MiB
2025/11/21 00:11:26.402, 16.56, 0 %, 4 MiB
2025/11/21 00:11:26.503, 220.91, 80 %, 3109 MiB
2025/11/21 00:11:26.506, 16.56, 0 %, 4 MiB
2025/11/21 00:11:26.607, 246.58, 80 %, 3109 MiB
2025/11/21 00:11:26.609, 16.56, 0 %, 4 MiB
2025/11/21 00:11:26.710, 196.17, 93 %, 3109 MiB
2025/11/21 00:11:26.712, 16.56, 0 %, 4 MiB
2025/11/21 00:11:26.813, 242.19, 93 %, 3109 MiB
2025/11/21 00:11:26.815, 16.56, 0 %, 4 MiB
2025/11/21 00:11:26.916, 204.78, 85 %, 3109 MiB
2025/11/21 00:11:26.951, 16.37, 0 %, 4 MiB
2025/11/21 00:11:27.054, 243.69, 81 %, 3109 MiB
2025/11/21 00:11:27.057, 16.37, 0 %, 4 MiB
2025/11/21 00:11:27.158, 201.88, 81 %, 3109 MiB
2025/11/21 00:11:27.160, 16.37, 0 %, 4 MiB
2025/11/21 00:11:27.261, 236.22, 86 %, 3109 MiB
2025/11/21 00:11:27.263, 16.37, 0 %, 4 MiB
2025/11/21 00:11:27.364, 221.85, 92 %, 3109 MiB
2025/11/21 00:11:27.366, 16.37, 0 %, 4 MiB
2025/11/21 00:11:27.467, 181.72, 92 %, 3109 MiB
2025/11/21 00:11:27.469, 16.37, 0 %, 4 MiB
2025/11/21 00:11:27.570, 233.84, 60 %, 3109 MiB
2025/11/21 00:11:27.572, 16.37, 0 %, 4 MiB
2025/11/21 00:11:27.673, 195.43, 90 %, 3109 MiB
2025/11/21 00:11:27.675, 16.37, 0 %, 4 MiB
2025/11/21 00:11:27.776, 236.87, 90 %, 3109 MiB
2025/11/21 00:11:27.778, 16.37, 0 %, 4 MiB
2025/11/21 00:11:27.879, 219.73, 89 %, 3109 MiB
2025/11/21 00:11:27.881, 16.37, 0 %, 4 MiB
2025/11/21 00:11:27.982, 225.55, 89 %, 3109 MiB
2025/11/21 00:11:27.984, 16.37, 0 %, 4 MiB
2025/11/21 00:11:28.087, 237.73, 80 %, 3109 MiB
2025/11/21 00:11:28.090, 16.37, 0 %, 4 MiB
2025/11/21 00:11:28.191, 206.41, 82 %, 3109 MiB
2025/11/21 00:11:28.193, 16.37, 0 %, 4 MiB
2025/11/21 00:11:28.294, 244.39, 82 %, 3109 MiB
2025/11/21 00:11:28.296, 16.37, 0 %, 4 MiB
2025/11/21 00:11:28.397, 195.40, 94 %, 3109 MiB
2025/11/21 00:11:28.399, 16.37, 0 %, 4 MiB
2025/11/21 00:11:28.500, 238.99, 81 %, 3109 MiB
2025/11/21 00:11:28.502, 16.37, 0 %, 4 MiB
2025/11/21 00:11:28.604, 217.71, 81 %, 3109 MiB
2025/11/21 00:11:28.606, 16.37, 0 %, 4 MiB
2025/11/21 00:11:28.707, 229.52, 79 %, 3109 MiB
2025/11/21 00:11:28.709, 16.37, 0 %, 4 MiB
2025/11/21 00:11:28.810, 236.49, 79 %, 3109 MiB
2025/11/21 00:11:28.812, 16.37, 0 %, 4 MiB
2025/11/21 00:11:28.913, 211.12, 93 %, 3109 MiB
2025/11/21 00:11:28.915, 16.37, 0 %, 4 MiB
2025/11/21 00:11:29.016, 245.75, 86 %, 3109 MiB
2025/11/21 00:11:29.018, 16.37, 0 %, 4 MiB
2025/11/21 00:11:29.122, 192.77, 86 %, 3109 MiB
2025/11/21 00:11:29.124, 16.37, 0 %, 4 MiB
2025/11/21 00:11:29.225, 239.79, 80 %, 3109 MiB
2025/11/21 00:11:29.227, 16.37, 0 %, 4 MiB
2025/11/21 00:11:29.328, 214.07, 80 %, 3109 MiB
2025/11/21 00:11:29.330, 16.37, 0 %, 4 MiB
2025/11/21 00:11:29.431, 233.91, 92 %, 3109 MiB
2025/11/21 00:11:29.433, 16.37, 0 %, 4 MiB
2025/11/21 00:11:29.534, 229.42, 88 %, 3109 MiB
2025/11/21 00:11:29.536, 16.37, 0 %, 4 MiB
2025/11/21 00:11:29.637, 216.48, 88 %, 3109 MiB
2025/11/21 00:11:29.640, 16.37, 0 %, 4 MiB
2025/11/21 00:11:29.740, 246.58, 80 %, 3109 MiB
2025/11/21 00:11:29.743, 16.37, 0 %, 4 MiB
2025/11/21 00:11:29.843, 188.67, 84 %, 3109 MiB
2025/11/21 00:11:29.846, 16.37, 0 %, 4 MiB
2025/11/21 00:11:29.947, 225.35, 84 %, 3109 MiB
2025/11/21 00:11:29.949, 16.37, 0 %, 4 MiB
2025/11/21 00:11:30.050, 219.33, 79 %, 3109 MiB
2025/11/21 00:11:30.052, 16.47, 0 %, 4 MiB
2025/11/21 00:11:30.155, 218.66, 79 %, 3109 MiB
2025/11/21 00:11:30.157, 16.47, 0 %, 4 MiB
2025/11/21 00:11:30.258, 245.90, 80 %, 3109 MiB
2025/11/21 00:11:30.260, 16.47, 0 %, 4 MiB
2025/11/21 00:11:30.361, 202.04, 85 %, 3109 MiB
2025/11/21 00:11:30.363, 16.47, 0 %, 4 MiB
2025/11/21 00:11:30.464, 243.55, 85 %, 3109 MiB
2025/11/21 00:11:30.466, 16.47, 0 %, 4 MiB
2025/11/21 00:11:30.567, 199.91, 94 %, 3109 MiB
2025/11/21 00:11:30.569, 16.47, 0 %, 4 MiB
2025/11/21 00:11:30.670, 238.43, 80 %, 3109 MiB
2025/11/21 00:11:30.672, 16.47, 0 %, 4 MiB
2025/11/21 00:11:30.773, 221.97, 80 %, 3109 MiB
2025/11/21 00:11:30.775, 16.47, 0 %, 4 MiB
2025/11/21 00:11:30.876, 223.09, 80 %, 3109 MiB
2025/11/21 00:11:30.878, 16.56, 0 %, 4 MiB
2025/11/21 00:11:30.982, 241.90, 80 %, 3109 MiB
2025/11/21 00:11:30.984, 16.56, 0 %, 4 MiB
2025/11/21 00:11:31.085, 203.59, 93 %, 3109 MiB
2025/11/21 00:11:31.087, 16.56, 0 %, 4 MiB
2025/11/21 00:11:31.188, 244.00, 84 %, 3109 MiB
2025/11/21 00:11:31.190, 16.56, 0 %, 4 MiB
2025/11/21 00:11:31.291, 197.93, 84 %, 3109 MiB
2025/11/21 00:11:31.293, 16.56, 0 %, 4 MiB
2025/11/21 00:11:31.394, 237.96, 79 %, 3109 MiB
2025/11/21 00:11:31.396, 16.56, 0 %, 4 MiB
2025/11/21 00:11:31.497, 220.84, 79 %, 3109 MiB
2025/11/21 00:11:31.499, 16.56, 0 %, 4 MiB
2025/11/21 00:11:31.600, 225.73, 94 %, 3109 MiB
2025/11/21 00:11:31.603, 16.56, 0 %, 4 MiB
2025/11/21 00:11:31.703, 241.53, 85 %, 3109 MiB
2025/11/21 00:11:31.706, 16.56, 0 %, 4 MiB
2025/11/21 00:11:31.807, 204.94, 85 %, 3109 MiB
2025/11/21 00:11:31.809, 16.56, 0 %, 4 MiB
2025/11/21 00:11:31.910, 245.15, 79 %, 3109 MiB
2025/11/21 00:11:31.913, 16.37, 0 %, 4 MiB
2025/11/21 00:11:32.016, 195.67, 88 %, 3109 MiB
2025/11/21 00:11:32.018, 16.37, 0 %, 4 MiB
2025/11/21 00:11:32.119, 240.48, 88 %, 3109 MiB
2025/11/21 00:11:32.121, 16.37, 0 %, 4 MiB
2025/11/21 00:11:32.222, 217.90, 91 %, 3109 MiB
2025/11/21 00:11:32.224, 16.37, 0 %, 4 MiB
2025/11/21 00:11:32.325, 201.03, 91 %, 3109 MiB
2025/11/21 00:11:32.327, 16.37, 0 %, 4 MiB
2025/11/21 00:11:32.428, 240.99, 64 %, 3109 MiB
2025/11/21 00:11:32.431, 16.37, 0 %, 4 MiB
2025/11/21 00:11:32.532, 187.16, 88 %, 3109 MiB
2025/11/21 00:11:32.534, 16.37, 0 %, 4 MiB
2025/11/21 00:11:32.635, 240.11, 88 %, 3109 MiB
2025/11/21 00:11:32.637, 16.37, 0 %, 4 MiB
2025/11/21 00:11:32.738, 209.62, 90 %, 3109 MiB
2025/11/21 00:11:32.740, 16.37, 0 %, 4 MiB
2025/11/21 00:11:32.841, 235.22, 80 %, 3109 MiB
2025/11/21 00:11:32.843, 16.37, 0 %, 4 MiB
2025/11/21 00:11:32.944, 227.62, 80 %, 3109 MiB
2025/11/21 00:11:32.946, 16.47, 0 %, 4 MiB
2025/11/21 00:11:33.049, 220.38, 81 %, 3109 MiB
2025/11/21 00:11:33.052, 16.47, 0 %, 4 MiB
2025/11/21 00:11:33.153, 247.60, 81 %, 3109 MiB
2025/11/21 00:11:33.155, 16.47, 0 %, 4 MiB
2025/11/21 00:11:33.256, 197.22, 94 %, 3109 MiB
2025/11/21 00:11:33.259, 16.47, 0 %, 4 MiB
2025/11/21 00:11:33.359, 243.44, 83 %, 3109 MiB
2025/11/21 00:11:33.362, 16.47, 0 %, 4 MiB
2025/11/21 00:11:33.462, 204.97, 83 %, 3109 MiB
2025/11/21 00:11:33.469, 16.47, 0 %, 4 MiB
2025/11/21 00:11:33.570, 237.65, 79 %, 3109 MiB
2025/11/21 00:11:33.572, 16.47, 0 %, 4 MiB
2025/11/21 00:11:33.673, 221.94, 93 %, 3109 MiB
2025/11/21 00:11:33.676, 16.47, 0 %, 4 MiB
2025/11/21 00:11:33.777, 221.01, 93 %, 3109 MiB
2025/11/21 00:11:33.779, 16.47, 0 %, 4 MiB
2025/11/21 00:11:33.880, 246.32, 85 %, 3109 MiB
2025/11/21 00:11:33.882, 16.47, 0 %, 4 MiB
2025/11/21 00:11:33.983, 199.75, 85 %, 3109 MiB
2025/11/21 00:11:33.985, 16.37, 0 %, 4 MiB
2025/11/21 00:11:34.088, 243.42, 79 %, 3109 MiB
2025/11/21 00:11:34.090, 16.37, 0 %, 4 MiB
2025/11/21 00:11:34.191, 199.80, 91 %, 3109 MiB
2025/11/21 00:11:34.193, 16.37, 0 %, 4 MiB
2025/11/21 00:11:34.294, 238.72, 91 %, 3109 MiB
2025/11/21 00:11:34.296, 16.37, 0 %, 4 MiB
2025/11/21 00:11:34.397, 221.20, 88 %, 3109 MiB
2025/11/21 00:11:34.399, 16.37, 0 %, 4 MiB
2025/11/21 00:11:34.500, 229.33, 88 %, 3109 MiB
2025/11/21 00:11:34.502, 16.37, 0 %, 4 MiB
2025/11/21 00:11:34.603, 240.99, 81 %, 3109 MiB
2025/11/21 00:11:34.606, 16.37, 0 %, 4 MiB
2025/11/21 00:11:34.706, 202.51, 83 %, 3109 MiB
2025/11/21 00:11:34.709, 16.37, 0 %, 4 MiB
2025/11/21 00:11:34.810, 244.52, 83 %, 3109 MiB
2025/11/21 00:11:34.813, 16.37, 0 %, 4 MiB
2025/11/21 00:11:34.914, 198.29, 93 %, 3109 MiB
2025/11/21 00:11:34.916, 16.37, 0 %, 4 MiB
2025/11/21 00:11:35.017, 241.51, 82 %, 3109 MiB
2025/11/21 00:11:35.019, 16.37, 0 %, 4 MiB
2025/11/21 00:11:35.123, 216.55, 82 %, 3109 MiB
2025/11/21 00:11:35.125, 16.37, 0 %, 4 MiB
2025/11/21 00:11:35.226, 235.61, 82 %, 3109 MiB
2025/11/21 00:11:35.228, 16.37, 0 %, 4 MiB
2025/11/21 00:11:35.329, 231.87, 82 %, 3109 MiB
2025/11/21 00:11:35.331, 16.37, 0 %, 4 MiB
2025/11/21 00:11:35.432, 223.45, 94 %, 3109 MiB
2025/11/21 00:11:35.434, 16.37, 0 %, 4 MiB
2025/11/21 00:11:35.535, 248.37, 87 %, 3109 MiB
2025/11/21 00:11:35.537, 16.37, 0 %, 4 MiB
2025/11/21 00:11:35.638, 197.85, 87 %, 3109 MiB
2025/11/21 00:11:35.640, 16.37, 0 %, 4 MiB
2025/11/21 00:11:35.741, 243.88, 81 %, 3109 MiB
2025/11/21 00:11:35.743, 16.37, 0 %, 4 MiB
2025/11/21 00:11:35.844, 207.15, 81 %, 3109 MiB
2025/11/21 00:11:35.846, 16.66, 0 %, 4 MiB
2025/11/21 00:11:35.949, 239.06, 89 %, 3109 MiB
2025/11/21 00:11:35.953, 16.66, 0 %, 4 MiB
2025/11/21 00:11:36.054, 223.65, 91 %, 3109 MiB
2025/11/21 00:11:36.056, 16.66, 0 %, 4 MiB
2025/11/21 00:11:36.157, 227.67, 91 %, 3109 MiB
2025/11/21 00:11:36.159, 16.66, 0 %, 4 MiB
2025/11/21 00:11:36.260, 244.25, 82 %, 3109 MiB
2025/11/21 00:11:36.262, 16.66, 0 %, 4 MiB
2025/11/21 00:11:36.363, 212.56, 82 %, 3109 MiB
2025/11/21 00:11:36.365, 16.66, 0 %, 4 MiB
2025/11/21 00:11:36.466, 246.84, 82 %, 3109 MiB
2025/11/21 00:11:36.468, 16.66, 0 %, 4 MiB
2025/11/21 00:11:36.569, 197.53, 94 %, 3109 MiB
2025/11/21 00:11:36.571, 16.66, 0 %, 4 MiB
2025/11/21 00:11:36.672, 242.15, 94 %, 3109 MiB
2025/11/21 00:11:36.674, 16.66, 0 %, 4 MiB
2025/11/21 00:11:36.775, 215.58, 87 %, 3109 MiB
2025/11/21 00:11:36.777, 16.66, 0 %, 4 MiB
2025/11/21 00:11:36.878, 147.04, 61 %, 3109 MiB
2025/11/21 00:11:36.880, 16.48, 0 %, 4 MiB
2025/11/21 00:11:36.984, 114.69, 61 %, 3109 MiB
2025/11/21 00:11:36.986, 16.48, 0 %, 4 MiB
2025/11/21 00:11:37.087, 102.79, 0 %, 3109 MiB
2025/11/21 00:11:37.090, 16.48, 0 %, 4 MiB
2025/11/21 00:11:37.191, 98.27, 0 %, 3109 MiB
2025/11/21 00:11:37.193, 16.48, 0 %, 4 MiB
2025/11/21 00:11:37.294, 96.56, 0 %, 3109 MiB
2025/11/21 00:11:37.296, 16.48, 0 %, 4 MiB
2025/11/21 00:11:37.397, 95.70, 0 %, 3109 MiB
2025/11/21 00:11:37.399, 16.48, 0 %, 4 MiB
2025/11/21 00:11:37.500, 95.43, 0 %, 3106 MiB
2025/11/21 00:11:37.503, 16.48, 0 %, 4 MiB
