datetime,power_watts,time_seconds
2025-12-04 01:15:42.942,33.870000000000005,0.0
2025-12-04 01:15:43.050,33.870000000000005,0.108
2025-12-04 01:15:43.151,33.870000000000005,0.209
2025-12-04 01:15:43.253,33.870000000000005,0.311
2025-12-04 01:15:43.355,33.870000000000005,0.413
2025-12-04 01:15:43.456,33.870000000000005,0.514
2025-12-04 01:15:43.558,33.870000000000005,0.616
2025-12-04 01:15:43.702,33.870000000000005,0.76
2025-12-04 01:15:43.811,33.870000000000005,0.869
2025-12-04 01:15:43.913,33.870000000000005,0.971
2025-12-04 01:15:44.015,33.95,1.073
2025-12-04 01:15:44.122,33.95,1.18
2025-12-04 01:15:44.224,33.95,1.282
2025-12-04 01:15:44.326,33.95,1.384
2025-12-04 01:15:44.428,33.95,1.486
2025-12-04 01:15:44.530,33.95,1.588
2025-12-04 01:15:44.633,33.95,1.691
2025-12-04 01:15:44.735,33.95,1.793
2025-12-04 01:15:44.837,33.95,1.895
2025-12-04 01:15:44.939,33.95,1.997
2025-12-04 01:15:45.041,33.86,2.099
2025-12-04 01:15:45.148,33.86,2.206
2025-12-04 01:15:45.250,33.86,2.308
2025-12-04 01:15:45.352,33.86,2.41
2025-12-04 01:15:45.454,33.86,2.512
2025-12-04 01:15:45.556,33.86,2.614
2025-12-04 01:15:45.658,33.86,2.716
2025-12-04 01:15:45.769,33.86,2.827
2025-12-04 01:15:45.871,34.14,2.929
2025-12-04 01:15:45.975,34.14,3.033
2025-12-04 01:15:46.077,34.05,3.135
2025-12-04 01:15:46.181,34.05,3.239
2025-12-04 01:15:46.283,34.05,3.341
2025-12-04 01:15:46.385,34.05,3.443
2025-12-04 01:15:46.487,34.05,3.545
2025-12-04 01:15:46.588,34.05,3.646
2025-12-04 01:15:46.690,34.05,3.748
2025-12-04 01:15:46.792,34.629999999999995,3.85
2025-12-04 01:15:46.896,34.260000000000005,3.954
2025-12-04 01:15:47.000,34.260000000000005,4.058
2025-12-04 01:15:47.102,34.260000000000005,4.16
2025-12-04 01:15:47.204,34.260000000000005,4.262
2025-12-04 01:15:47.311,34.260000000000005,4.369
2025-12-04 01:15:47.413,34.260000000000005,4.471
2025-12-04 01:15:47.515,34.260000000000005,4.573
2025-12-04 01:15:47.617,34.260000000000005,4.675
2025-12-04 01:15:47.719,34.260000000000005,4.777
2025-12-04 01:15:47.820,33.68,4.878
2025-12-04 01:15:47.925,34.05,4.983
2025-12-04 01:15:48.034,34.05,5.092
2025-12-04 01:15:48.136,34.05,5.194
2025-12-04 01:15:48.238,34.05,5.296
2025-12-04 01:15:48.340,34.05,5.398
2025-12-04 01:15:48.442,34.05,5.5
2025-12-04 01:15:48.544,34.05,5.602
2025-12-04 01:15:48.646,34.05,5.704
2025-12-04 01:15:48.748,34.05,5.806
2025-12-04 01:15:48.849,34.05,5.907
2025-12-04 01:15:48.953,33.86,6.011
2025-12-04 01:15:49.058,33.86,6.116
2025-12-04 01:15:49.159,33.86,6.217
2025-12-04 01:15:49.261,33.86,6.319
2025-12-04 01:15:49.363,33.86,6.421
2025-12-04 01:15:49.465,33.86,6.523
2025-12-04 01:15:49.566,33.86,6.624
2025-12-04 01:15:49.668,33.86,6.726
2025-12-04 01:15:49.770,33.86,6.828
2025-12-04 01:15:49.872,33.86,6.93
2025-12-04 01:15:49.976,33.86,7.034
2025-12-04 01:15:50.080,33.86,7.138
2025-12-04 01:15:50.181,33.86,7.239
2025-12-04 01:15:50.283,33.86,7.341
2025-12-04 01:15:50.385,33.86,7.443
2025-12-04 01:15:50.486,33.86,7.544
2025-12-04 01:15:50.588,33.86,7.646
2025-12-04 01:15:50.690,33.86,7.748
2025-12-04 01:15:50.791,33.86,7.849
2025-12-04 01:15:50.893,34.05,7.951
2025-12-04 01:15:50.999,34.05,8.057
2025-12-04 01:15:51.101,34.05,8.159
2025-12-04 01:15:51.203,34.05,8.261
2025-12-04 01:15:51.305,34.05,8.363
2025-12-04 01:15:51.406,34.05,8.464
2025-12-04 01:15:51.508,34.05,8.566
2025-12-04 01:15:51.610,34.05,8.668
2025-12-04 01:15:51.714,34.05,8.772
2025-12-04 01:15:51.816,34.53,8.874
2025-12-04 01:15:51.920,34.239999999999995,8.978
2025-12-04 01:15:52.024,34.239999999999995,9.082
2025-12-04 01:15:52.125,34.239999999999995,9.183
2025-12-04 01:15:52.227,34.239999999999995,9.285
2025-12-04 01:15:52.329,34.239999999999995,9.387
2025-12-04 01:15:52.498,34.239999999999995,9.556
2025-12-04 01:15:52.599,34.239999999999995,9.657
2025-12-04 01:15:52.701,34.239999999999995,9.759
2025-12-04 01:15:52.803,34.239999999999995,9.861
2025-12-04 01:15:52.904,33.849999999999994,9.962
2025-12-04 01:15:53.008,33.95,10.066
2025-12-04 01:15:53.113,33.95,10.171
2025-12-04 01:15:53.214,33.95,10.272
2025-12-04 01:15:53.316,33.95,10.374
2025-12-04 01:15:53.417,33.95,10.475
2025-12-04 01:15:53.519,33.95,10.577
2025-12-04 01:15:53.620,33.95,10.678
2025-12-04 01:15:53.722,33.95,10.78
2025-12-04 01:15:53.824,33.95,10.882
2025-12-04 01:15:53.925,33.86,10.983
2025-12-04 01:15:54.029,33.86,11.087
2025-12-04 01:15:54.134,33.86,11.192
2025-12-04 01:15:54.235,33.86,11.293
2025-12-04 01:15:54.337,33.86,11.395
2025-12-04 01:15:54.438,33.86,11.496
2025-12-04 01:15:54.540,33.86,11.598
2025-12-04 01:15:54.642,33.86,11.7
2025-12-04 01:15:54.744,33.86,11.802
2025-12-04 01:15:54.845,33.86,11.903
2025-12-04 01:15:54.947,33.86,12.005
2025-12-04 01:15:55.051,33.76,12.109
2025-12-04 01:15:55.155,33.76,12.213
2025-12-04 01:15:55.257,33.76,12.315
2025-12-04 01:15:55.358,33.76,12.416
2025-12-04 01:15:55.460,33.76,12.518
2025-12-04 01:15:55.667,33.76,12.725
2025-12-04 01:15:55.777,85.68,12.835
2025-12-04 01:15:55.881,117.63,12.939
2025-12-04 01:15:55.986,129.06,13.044
2025-12-04 01:15:56.090,133.55,13.148
2025-12-04 01:15:56.195,135.07,13.253
2025-12-04 01:15:56.299,135.64,13.357
2025-12-04 01:15:56.403,136.6,13.461
2025-12-04 01:15:56.508,136.38,13.566
2025-12-04 01:15:56.612,136.38,13.67
2025-12-04 01:15:56.717,136.32,13.775
2025-12-04 01:15:56.821,136.41,13.879
2025-12-04 01:15:56.925,136.49,13.983
2025-12-04 01:15:57.030,136.76999999999998,14.088
2025-12-04 01:15:57.134,136.95999999999998,14.192
2025-12-04 01:15:57.239,137.14999999999998,14.297
2025-12-04 01:15:57.345,137.06,14.403
2025-12-04 01:15:57.450,136.78,14.508
2025-12-04 01:15:57.554,152.29,14.612
2025-12-04 01:15:57.659,142.93,14.717
2025-12-04 01:15:57.764,139.70999999999998,14.822
2025-12-04 01:15:57.868,138.29,14.926
2025-12-04 01:15:57.973,137.82,15.031
2025-12-04 01:15:58.078,137.63,15.136
2025-12-04 01:15:58.182,245.63,15.24
2025-12-04 01:15:58.287,348.41999999999996,15.345
2025-12-04 01:15:58.392,411.86,15.45
2025-12-04 01:15:58.496,466.17,15.554
2025-12-04 01:15:58.601,358.14,15.659
2025-12-04 01:15:58.705,321.48,15.763
2025-12-04 01:15:58.810,298.07000000000005,15.868
2025-12-04 01:15:58.914,285.58000000000004,15.972
2025-12-04 01:15:59.019,275.74,16.077
2025-12-04 01:15:59.123,255.02999999999997,16.181
2025-12-04 01:15:59.275,271.75,16.333
2025-12-04 01:15:59.380,291.09000000000003,16.438
2025-12-04 01:15:59.484,300.67999999999995,16.542
2025-12-04 01:15:59.588,294.47,16.646
2025-12-04 01:15:59.693,286.82,16.751
2025-12-04 01:15:59.797,279.16999999999996,16.855
2025-12-04 01:15:59.902,271.86,16.96
2025-12-04 01:16:00.006,265.72,17.064
2025-12-04 01:16:00.111,259.42,17.169
2025-12-04 01:16:00.215,253.31,17.273
2025-12-04 01:16:00.320,247.64,17.378
2025-12-04 01:16:00.424,243.04000000000002,17.482
2025-12-04 01:16:00.528,238.18,17.586
2025-12-04 01:16:00.633,241.01,17.691
2025-12-04 01:16:00.738,260.96999999999997,17.796
2025-12-04 01:16:00.842,279.9,17.9
2025-12-04 01:16:00.947,298.42,18.005
2025-12-04 01:16:01.051,300.01,18.109
2025-12-04 01:16:01.155,291.75,18.213
2025-12-04 01:16:01.260,261.0,18.318
2025-12-04 01:16:01.384,223.69,18.442
2025-12-04 01:16:01.489,213.85000000000002,18.547
2025-12-04 01:16:01.593,209.41,18.651
2025-12-04 01:16:01.697,206.97,18.755
2025-12-04 01:16:01.802,205.36,18.86
2025-12-04 01:16:01.906,204.64,18.964
2025-12-04 01:16:02.011,203.77999999999997,19.069
2025-12-04 01:16:02.115,202.13,19.173
2025-12-04 01:16:02.220,201.20999999999998,19.278
2025-12-04 01:16:02.324,200.53,19.382
2025-12-04 01:16:02.429,199.51,19.487
2025-12-04 01:16:02.533,198.77,19.591
2025-12-04 01:16:02.638,197.65,19.696
2025-12-04 01:16:02.742,196.97,19.8
2025-12-04 01:16:02.847,196.04,19.905
2025-12-04 01:16:02.951,195.27,20.009
2025-12-04 01:16:03.056,194.51999999999998,20.114
2025-12-04 01:16:03.160,193.66,20.218
2025-12-04 01:16:03.265,194.35000000000002,20.323
2025-12-04 01:16:03.369,196.12,20.427
2025-12-04 01:16:03.474,197.48000000000002,20.532
2025-12-04 01:16:03.578,199.57,20.636
2025-12-04 01:16:03.682,201.68,20.74
2025-12-04 01:16:03.787,202.64999999999998,20.845
2025-12-04 01:16:03.891,204.89,20.949
2025-12-04 01:16:03.996,206.6,21.054
2025-12-04 01:16:04.100,208.08999999999997,21.158
2025-12-04 01:16:04.204,209.42000000000002,21.262
2025-12-04 01:16:04.309,211.4,21.367
2025-12-04 01:16:04.413,213.19,21.471
2025-12-04 01:16:04.517,214.37,21.575
2025-12-04 01:16:04.621,215.77,21.679
2025-12-04 01:16:04.726,215.67000000000002,21.784
2025-12-04 01:16:04.830,214.84,21.888
2025-12-04 01:16:04.935,213.32,21.993
2025-12-04 01:16:05.039,212.76999999999998,22.097
2025-12-04 01:16:05.143,210.88,22.201
2025-12-04 01:16:05.248,210.19,22.306
2025-12-04 01:16:05.352,209.28,22.41
2025-12-04 01:16:05.457,208.23000000000002,22.515
2025-12-04 01:16:05.561,207.26,22.619
2025-12-04 01:16:05.666,205.7,22.724
2025-12-04 01:16:05.770,204.36,22.828
2025-12-04 01:16:05.874,203.89,22.932
2025-12-04 01:16:05.979,202.74,23.037
2025-12-04 01:16:06.083,202.18,23.141
2025-12-04 01:16:06.188,201.99,23.246
2025-12-04 01:16:06.292,201.89999999999998,23.35
2025-12-04 01:16:06.396,201.34,23.454
2025-12-04 01:16:06.501,200.93,23.559
2025-12-04 01:16:06.605,200.83,23.663
2025-12-04 01:16:06.709,201.38,23.767
2025-12-04 01:16:06.814,201.03,23.872
2025-12-04 01:16:06.918,201.03,23.976
2025-12-04 01:16:07.023,201.05,24.081
2025-12-04 01:16:07.127,201.18,24.185
2025-12-04 01:16:07.231,201.18,24.289
2025-12-04 01:16:07.336,201.11,24.394
2025-12-04 01:16:07.440,201.38,24.498
2025-12-04 01:16:07.545,201.5,24.603
2025-12-04 01:16:07.649,201.57999999999998,24.707
2025-12-04 01:16:07.754,201.68,24.812
2025-12-04 01:16:07.858,201.73000000000002,24.916
2025-12-04 01:16:07.962,201.44,25.02
2025-12-04 01:16:08.067,201.63,25.125
2025-12-04 01:16:08.171,201.81,25.229
2025-12-04 01:16:08.275,203.62,25.333
2025-12-04 01:16:08.380,206.07999999999998,25.438
2025-12-04 01:16:08.484,209.02,25.542
2025-12-04 01:16:08.589,211.95,25.647
2025-12-04 01:16:08.693,214.68,25.751
2025-12-04 01:16:08.797,216.96,25.855
2025-12-04 01:16:08.902,219.35,25.96
2025-12-04 01:16:09.006,221.88,26.064
2025-12-04 01:16:09.110,224.45,26.168
2025-12-04 01:16:09.215,226.89,26.273
2025-12-04 01:16:09.319,216.68,26.377
2025-12-04 01:16:09.470,206.95999999999998,26.528
2025-12-04 01:16:09.574,205.76,26.632
2025-12-04 01:16:09.679,204.8,26.737
2025-12-04 01:16:09.784,203.67,26.842
2025-12-04 01:16:09.888,203.31,26.946
2025-12-04 01:16:09.992,202.19,27.05
2025-12-04 01:16:10.097,199.05,27.155
2025-12-04 01:16:10.220,196.07,27.278
2025-12-04 01:16:10.324,198.13,27.382
2025-12-04 01:16:10.429,199.65,27.487
2025-12-04 01:16:10.533,201.64,27.591
2025-12-04 01:16:10.638,203.61,27.696
2025-12-04 01:16:10.742,205.42000000000002,27.8
2025-12-04 01:16:10.847,207.07999999999998,27.905
2025-12-04 01:16:10.951,209.15,28.009
2025-12-04 01:16:11.056,211.04000000000002,28.114
2025-12-04 01:16:11.160,212.55,28.218
2025-12-04 01:16:11.265,213.79,28.323
2025-12-04 01:16:11.369,214.64999999999998,28.427
2025-12-04 01:16:11.474,214.07999999999998,28.532
2025-12-04 01:16:11.580,213.89,28.638
2025-12-04 01:16:11.684,213.09,28.742
2025-12-04 01:16:11.788,212.99,28.846
2025-12-04 01:16:11.893,212.73,28.951
2025-12-04 01:16:11.997,212.25,29.055
2025-12-04 01:16:12.101,212.16,29.159
2025-12-04 01:16:12.206,211.7,29.264
2025-12-04 01:16:12.310,211.76,29.368
2025-12-04 01:16:12.415,211.71,29.473
2025-12-04 01:16:12.519,211.17000000000002,29.577
2025-12-04 01:16:12.623,211.26,29.681
2025-12-04 01:16:12.728,211.41,29.786
2025-12-04 01:16:12.832,211.12,29.89
2025-12-04 01:16:12.937,210.67000000000002,29.995
2025-12-04 01:16:13.041,211.05,30.099
2025-12-04 01:16:13.146,210.47,30.204
2025-12-04 01:16:13.250,211.21,30.308
2025-12-04 01:16:13.355,210.92000000000002,30.413
2025-12-04 01:16:13.459,211.20999999999998,30.517
2025-12-04 01:16:13.564,211.48000000000002,30.622
2025-12-04 01:16:13.668,211.2,30.726
2025-12-04 01:16:13.772,210.9,30.83
2025-12-04 01:16:13.877,211.01,30.935
2025-12-04 01:16:13.981,210.81,31.039
2025-12-04 01:16:14.086,211.13,31.144
2025-12-04 01:16:14.190,211.2,31.248
2025-12-04 01:16:14.295,211.39,31.353
2025-12-04 01:16:14.399,211.69,31.457
2025-12-04 01:16:14.503,211.71,31.561
2025-12-04 01:16:14.608,211.22,31.666
2025-12-04 01:16:14.712,211.79,31.77
2025-12-04 01:16:14.817,212.51999999999998,31.875
2025-12-04 01:16:14.921,214.81,31.979
2025-12-04 01:16:15.025,216.61,32.083
2025-12-04 01:16:15.130,218.60000000000002,32.188
2025-12-04 01:16:15.234,221.06,32.292
2025-12-04 01:16:15.339,223.05,32.397
2025-12-04 01:16:15.443,224.47,32.501
2025-12-04 01:16:15.547,226.37,32.605
2025-12-04 01:16:15.652,227.2,32.71
2025-12-04 01:16:15.757,228.99,32.815
2025-12-04 01:16:15.861,230.61,32.919
2025-12-04 01:16:15.966,231.44,33.024
2025-12-04 01:16:16.070,232.48000000000002,33.128
2025-12-04 01:16:16.174,234.69,33.232
2025-12-04 01:16:16.281,234.49,33.339
2025-12-04 01:16:16.385,232.69,33.443
2025-12-04 01:16:16.490,231.26,33.548
2025-12-04 01:16:16.594,230.5,33.652
2025-12-04 01:16:16.699,229.35000000000002,33.757
2025-12-04 01:16:16.803,227.85000000000002,33.861
2025-12-04 01:16:16.907,226.15,33.965
2025-12-04 01:16:17.012,225.03,34.07
2025-12-04 01:16:17.116,223.97,34.174
2025-12-04 01:16:17.221,222.82,34.279
2025-12-04 01:16:17.325,221.73000000000002,34.383
2025-12-04 01:16:17.430,220.87,34.488
2025-12-04 01:16:17.534,220.11,34.592
2025-12-04 01:16:17.639,220.57999999999998,34.697
2025-12-04 01:16:17.805,212.33999999999997,34.863
2025-12-04 01:16:17.909,214.54,34.967
2025-12-04 01:16:18.013,216.99,35.071
2025-12-04 01:16:18.118,219.43,35.176
2025-12-04 01:16:18.222,222.01,35.28
2025-12-04 01:16:18.327,223.8,35.385
2025-12-04 01:16:18.431,224.38,35.489
2025-12-04 01:16:18.536,223.39,35.594
2025-12-04 01:16:18.640,223.05,35.698
2025-12-04 01:16:18.745,222.3,35.803
2025-12-04 01:16:18.851,223.97,35.909
2025-12-04 01:16:18.956,223.42000000000002,36.014
2025-12-04 01:16:19.060,223.11,36.118
2025-12-04 01:16:19.164,223.39,36.222
2025-12-04 01:16:19.269,222.92000000000002,36.327
2025-12-04 01:16:19.373,222.57999999999998,36.431
2025-12-04 01:16:19.478,222.18,36.536
2025-12-04 01:16:19.582,222.19,36.64
2025-12-04 01:16:19.686,221.91000000000003,36.744
2025-12-04 01:16:19.791,222.3,36.849
2025-12-04 01:16:19.895,209.99,36.953
2025-12-04 01:16:20.038,200.26999999999998,37.096
2025-12-04 01:16:20.143,202.19,37.201
2025-12-04 01:16:20.247,203.68,37.305
2025-12-04 01:16:20.352,204.87,37.41
2025-12-04 01:16:20.456,207.24,37.514
2025-12-04 01:16:20.570,214.14,37.628
2025-12-04 01:16:20.674,215.75,37.732
2025-12-04 01:16:20.778,217.52999999999997,37.836
2025-12-04 01:16:20.883,218.78,37.941
2025-12-04 01:16:20.987,220.11,38.045
2025-12-04 01:16:21.092,219.91,38.15
2025-12-04 01:16:21.196,218.58999999999997,38.254
2025-12-04 01:16:21.301,217.17000000000002,38.359
2025-12-04 01:16:21.405,216.4,38.463
2025-12-04 01:16:21.510,215.36,38.568
2025-12-04 01:16:21.614,214.44,38.672
2025-12-04 01:16:21.719,213.3,38.777
2025-12-04 01:16:21.823,212.3,38.881
2025-12-04 01:16:21.928,211.36,38.986
2025-12-04 01:16:22.032,209.82999999999998,39.09
2025-12-04 01:16:22.137,208.81,39.195
2025-12-04 01:16:22.242,207.74,39.3
2025-12-04 01:16:22.346,206.03,39.404
2025-12-04 01:16:22.452,204.63,39.51
2025-12-04 01:16:22.557,203.88,39.615
2025-12-04 01:16:22.661,202.93,39.719
2025-12-04 01:16:22.766,201.97,39.824
2025-12-04 01:16:22.870,201.22,39.928
2025-12-04 01:16:22.975,200.2,40.033
2025-12-04 01:16:23.079,199.07,40.137
2025-12-04 01:16:23.184,198.24,40.242
2025-12-04 01:16:23.288,197.46,40.346
2025-12-04 01:16:23.392,196.70999999999998,40.45
2025-12-04 01:16:23.497,195.94,40.555
2025-12-04 01:16:23.601,195.07999999999998,40.659
2025-12-04 01:16:23.705,194.82999999999998,40.763
2025-12-04 01:16:23.810,193.79000000000002,40.868
2025-12-04 01:16:23.914,192.95999999999998,40.972
2025-12-04 01:16:24.019,192.93,41.077
2025-12-04 01:16:24.123,207.26999999999998,41.181
2025-12-04 01:16:24.257,232.93,41.315
2025-12-04 01:16:24.361,234.62,41.419
2025-12-04 01:16:24.465,235.99,41.523
2025-12-04 01:16:24.570,216.28,41.628
2025-12-04 01:16:24.855,200.14,41.913
2025-12-04 01:16:24.960,202.32,42.018
2025-12-04 01:16:25.064,205.49,42.122
2025-12-04 01:16:25.168,207.92000000000002,42.226
2025-12-04 01:16:25.273,210.74,42.331
2025-12-04 01:16:25.377,215.58,42.435
2025-12-04 01:16:25.483,217.45,42.541
2025-12-04 01:16:25.587,220.26,42.645
2025-12-04 01:16:25.692,222.62,42.75
2025-12-04 01:16:25.796,225.11,42.854
2025-12-04 01:16:25.901,226.62,42.959
2025-12-04 01:16:26.005,228.51,43.063
2025-12-04 01:16:26.109,227.37,43.167
2025-12-04 01:16:26.214,227.82999999999998,43.272
2025-12-04 01:16:26.318,227.56,43.376
2025-12-04 01:16:26.423,227.18,43.481
2025-12-04 01:16:26.527,226.89,43.585
2025-12-04 01:16:26.631,226.89,43.689
2025-12-04 01:16:26.736,226.52,43.794
2025-12-04 01:16:26.840,226.06,43.898
2025-12-04 01:16:26.944,225.19,44.002
2025-12-04 01:16:27.049,225.01,44.107
2025-12-04 01:16:27.154,225.33,44.212
2025-12-04 01:16:27.258,225.23000000000002,44.316
2025-12-04 01:16:27.362,225.13,44.42
2025-12-04 01:16:27.467,225.2,44.525
2025-12-04 01:16:27.571,224.62,44.629
2025-12-04 01:16:27.676,223.96,44.734
2025-12-04 01:16:27.782,223.48,44.84
2025-12-04 01:16:27.886,222.57999999999998,44.944
2025-12-04 01:16:27.991,221.53,45.049
2025-12-04 01:16:28.095,220.49,45.153
2025-12-04 01:16:28.199,219.82999999999998,45.257
2025-12-04 01:16:28.304,218.97,45.362
2025-12-04 01:16:28.408,217.54,45.466
2025-12-04 01:16:28.513,216.72,45.571
2025-12-04 01:16:28.617,215.98,45.675
2025-12-04 01:16:28.721,215.11,45.779
2025-12-04 01:16:28.826,214.34,45.884
2025-12-04 01:16:28.930,213.57999999999998,45.988
2025-12-04 01:16:29.035,212.55,46.093
2025-12-04 01:16:29.139,194.94,46.197
2025-12-04 01:16:29.243,188.0,46.301
2025-12-04 01:16:29.348,185.44,46.406
2025-12-04 01:16:29.454,156.51999999999998,46.512
2025-12-04 01:16:29.558,145.82,46.616
2025-12-04 01:16:29.663,141.82,46.721
2025-12-04 01:16:29.767,140.37,46.825
2025-12-04 01:16:29.872,139.79000000000002,46.93
2025-12-04 01:16:29.977,139.53,47.035
2025-12-04 01:16:30.081,139.44,47.139
2025-12-04 01:16:30.185,139.26999999999998,47.243
2025-12-04 01:16:30.290,139.18,47.348
2025-12-04 01:16:30.394,139.16,47.452
2025-12-04 01:16:30.499,139.19,47.557
2025-12-04 01:16:30.603,139.3,47.661
2025-12-04 01:16:30.708,139.1,47.766
2025-12-04 01:16:30.812,139.2,47.87
2025-12-04 01:16:30.916,139.01,47.974
2025-12-04 01:16:31.021,138.95999999999998,48.079
2025-12-04 01:16:31.125,138.95999999999998,48.183
2025-12-04 01:16:31.230,138.95999999999998,48.288
2025-12-04 01:16:31.389,138.87,48.447
2025-12-04 01:16:31.493,138.88,48.551
2025-12-04 01:16:31.598,139.01999999999998,48.656
2025-12-04 01:16:31.750,139.19,48.808
2025-12-04 01:16:31.854,139.31,48.912
2025-12-04 01:16:31.959,142.78,49.017
2025-12-04 01:16:32.064,234.61,49.122
2025-12-04 01:16:32.168,200.22,49.226
2025-12-04 01:16:32.272,259.43,49.33
2025-12-04 01:16:32.377,295.26,49.435
2025-12-04 01:16:32.482,332.28,49.54
2025-12-04 01:16:32.588,290.52,49.646
2025-12-04 01:16:32.693,349.09000000000003,49.751
2025-12-04 01:16:32.797,301.40999999999997,49.855
2025-12-04 01:16:32.902,348.68,49.96
2025-12-04 01:16:33.006,318.71000000000004,50.064
2025-12-04 01:16:33.111,348.4,50.169
2025-12-04 01:16:33.215,350.5,50.273
2025-12-04 01:16:33.320,319.78999999999996,50.378
2025-12-04 01:16:33.425,345.82,50.483
2025-12-04 01:16:33.529,303.25,50.587
2025-12-04 01:16:33.634,345.78999999999996,50.692
2025-12-04 01:16:33.738,286.33000000000004,50.796
2025-12-04 01:16:33.843,345.96000000000004,50.901
2025-12-04 01:16:33.947,287.87,51.005
2025-12-04 01:16:34.052,356.59000000000003,51.11
2025-12-04 01:16:34.157,317.65,51.215
2025-12-04 01:16:34.262,349.11,51.32
2025-12-04 01:16:34.366,294.69,51.424
2025-12-04 01:16:34.471,341.78999999999996,51.529
2025-12-04 01:16:34.575,281.73,51.633
2025-12-04 01:16:34.680,339.15,51.738
2025-12-04 01:16:34.785,294.38,51.843
2025-12-04 01:16:34.889,342.14,51.947
2025-12-04 01:16:34.994,299.61,52.052
2025-12-04 01:16:35.098,342.63,52.156
2025-12-04 01:16:35.203,305.95000000000005,52.261
2025-12-04 01:16:35.307,353.97,52.365
2025-12-04 01:16:35.412,352.98,52.47
2025-12-04 01:16:35.516,330.58000000000004,52.574
2025-12-04 01:16:35.621,340.03,52.679
2025-12-04 01:16:35.725,318.51,52.783
2025-12-04 01:16:35.830,349.5,52.888
2025-12-04 01:16:35.934,296.37,52.992
2025-12-04 01:16:36.039,354.82,53.097
2025-12-04 01:16:36.143,336.55,53.201
2025-12-04 01:16:36.248,349.9,53.306
2025-12-04 01:16:36.352,318.36,53.41
2025-12-04 01:16:36.457,346.78999999999996,53.515
2025-12-04 01:16:36.562,307.91999999999996,53.62
2025-12-04 01:16:36.666,342.25,53.724
2025-12-04 01:16:36.770,298.53,53.828
2025-12-04 01:16:36.875,342.99,53.933
2025-12-04 01:16:36.979,290.14,54.037
2025-12-04 01:16:37.086,343.94,54.144
2025-12-04 01:16:37.190,279.91999999999996,54.248
2025-12-04 01:16:37.295,344.74,54.353
2025-12-04 01:16:37.399,306.26,54.457
2025-12-04 01:16:37.503,353.31,54.561
2025-12-04 01:16:37.608,357.15999999999997,54.666
2025-12-04 01:16:37.712,326.02,54.77
2025-12-04 01:16:37.817,358.85,54.875
2025-12-04 01:16:37.921,312.16999999999996,54.979
2025-12-04 01:16:38.026,368.37,55.084
2025-12-04 01:16:38.130,311.59000000000003,55.188
2025-12-04 01:16:38.234,361.73,55.292
2025-12-04 01:16:38.339,348.69,55.397
2025-12-04 01:16:38.443,345.95,55.501
2025-12-04 01:16:38.548,359.66,55.606
2025-12-04 01:16:38.653,308.64,55.711
2025-12-04 01:16:38.757,359.64,55.815
2025-12-04 01:16:38.862,349.81,55.92
2025-12-04 01:16:38.966,348.03999999999996,56.024
2025-12-04 01:16:39.071,362.61,56.129
2025-12-04 01:16:39.176,310.19,56.234
2025-12-04 01:16:39.280,364.15,56.338
2025-12-04 01:16:39.386,355.75,56.444
2025-12-04 01:16:39.491,348.53,56.549
2025-12-04 01:16:39.595,361.12,56.653
2025-12-04 01:16:39.700,307.62,56.758
2025-12-04 01:16:39.804,368.34000000000003,56.862
2025-12-04 01:16:39.909,321.19,56.967
2025-12-04 01:16:40.014,357.65999999999997,57.072
2025-12-04 01:16:40.118,321.88,57.176
2025-12-04 01:16:40.223,362.88,57.281
2025-12-04 01:16:40.327,360.48,57.385
2025-12-04 01:16:40.432,320.94,57.49
2025-12-04 01:16:40.536,360.21000000000004,57.594
2025-12-04 01:16:40.641,320.58000000000004,57.699
2025-12-04 01:16:40.745,357.73,57.803
2025-12-04 01:16:40.860,361.78999999999996,57.918
2025-12-04 01:16:40.964,317.53,58.022
2025-12-04 01:16:41.069,365.52,58.127
2025-12-04 01:16:41.174,336.36,58.232
2025-12-04 01:16:41.278,354.51,58.336
2025-12-04 01:16:41.393,364.07,58.451
2025-12-04 01:16:41.498,308.33000000000004,58.556
2025-12-04 01:16:41.602,367.96000000000004,58.66
2025-12-04 01:16:41.707,317.0,58.765
2025-12-04 01:16:41.811,256.33,58.869
2025-12-04 01:16:41.916,209.94,58.974
2025-12-04 01:16:42.020,192.57999999999998,59.078
2025-12-04 01:16:42.125,186.18,59.183
2025-12-04 01:16:42.229,183.58999999999997,59.287
2025-12-04 01:16:42.333,182.75,59.391
2025-12-04 01:16:42.438,182.36,59.496
2025-12-04 01:16:42.542,182.18,59.6
2025-12-04 01:16:42.647,182.19,59.705
2025-12-04 01:16:42.751,181.99,59.809
2025-12-04 01:16:42.857,181.79,59.915
2025-12-04 01:16:42.962,181.7,60.02
2025-12-04 01:16:43.066,181.62,60.124
2025-12-04 01:16:43.171,181.70999999999998,60.229
2025-12-04 01:16:43.275,181.43,60.333
2025-12-04 01:16:43.380,181.43,60.438
2025-12-04 01:16:43.484,181.52,60.542
2025-12-04 01:16:43.588,181.51999999999998,60.646
2025-12-04 01:16:43.693,181.43,60.751
2025-12-04 01:16:43.797,181.42000000000002,60.855
2025-12-04 01:16:43.902,181.32999999999998,60.96
2025-12-04 01:16:44.006,181.32,61.064
2025-12-04 01:16:44.111,181.24,61.169
2025-12-04 01:16:44.215,181.24,61.273
2025-12-04 01:16:44.319,181.14,61.377
2025-12-04 01:16:44.424,181.24,61.482
2025-12-04 01:16:44.528,181.24,61.586
2025-12-04 01:16:44.633,181.04,61.691
2025-12-04 01:16:44.737,181.14,61.795
2025-12-04 01:16:44.841,181.14,61.899
2025-12-04 01:16:44.946,181.14,62.004
2025-12-04 01:16:45.050,296.19,62.108
2025-12-04 01:16:45.155,282.88,62.213
2025-12-04 01:16:45.259,331.0,62.317
2025-12-04 01:16:45.364,297.68,62.422
2025-12-04 01:16:45.469,344.4,62.527
2025-12-04 01:16:45.573,292.06,62.631
2025-12-04 01:16:45.678,343.65,62.736
2025-12-04 01:16:45.782,287.92,62.84
2025-12-04 01:16:45.888,340.78,62.946
2025-12-04 01:16:45.993,280.01,63.051
2025-12-04 01:16:46.097,346.97,63.155
2025-12-04 01:16:46.202,308.44,63.26
2025-12-04 01:16:46.306,343.94,63.364
2025-12-04 01:16:46.410,298.76,63.468
2025-12-04 01:16:46.515,344.01,63.573
2025-12-04 01:16:46.619,299.43,63.677
2025-12-04 01:16:46.724,339.39,63.782
2025-12-04 01:16:46.828,292.84000000000003,63.886
2025-12-04 01:16:46.932,355.74,63.99
2025-12-04 01:16:47.037,298.78,64.095
2025-12-04 01:16:47.142,343.13,64.2
2025-12-04 01:16:47.246,292.89,64.304
2025-12-04 01:16:47.351,346.96,64.409
2025-12-04 01:16:47.456,287.96000000000004,64.514
2025-12-04 01:16:47.560,343.98,64.618
2025-12-04 01:16:47.664,296.09000000000003,64.722
2025-12-04 01:16:47.769,347.07000000000005,64.827
2025-12-04 01:16:47.873,290.37,64.931
2025-12-04 01:16:47.978,343.86,65.036
2025-12-04 01:16:48.083,294.41999999999996,65.141
2025-12-04 01:16:48.189,343.11,65.247
2025-12-04 01:16:48.293,293.7,65.351
2025-12-04 01:16:48.398,347.77,65.456
2025-12-04 01:16:48.511,326.90999999999997,65.569
2025-12-04 01:16:48.616,344.84000000000003,65.674
2025-12-04 01:16:48.720,346.6,65.778
2025-12-04 01:16:48.825,336.74,65.883
2025-12-04 01:16:48.929,305.15999999999997,65.987
2025-12-04 01:16:49.034,352.52,66.092
2025-12-04 01:16:49.138,293.64,66.196
2025-12-04 01:16:49.243,352.99,66.301
2025-12-04 01:16:49.348,322.73,66.406
2025-12-04 01:16:49.452,356.79999999999995,66.51
2025-12-04 01:16:49.557,359.44,66.615
2025-12-04 01:16:49.661,320.45000000000005,66.719
2025-12-04 01:16:49.766,353.5,66.824
2025-12-04 01:16:49.870,298.08,66.928
2025-12-04 01:16:49.975,359.2,67.033
2025-12-04 01:16:50.080,338.31,67.138
2025-12-04 01:16:50.184,351.33000000000004,67.242
2025-12-04 01:16:50.289,348.32,67.347
2025-12-04 01:16:50.394,337.55,67.452
2025-12-04 01:16:50.498,347.7,67.556
2025-12-04 01:16:50.602,328.33,67.66
2025-12-04 01:16:50.707,350.85,67.765
2025-12-04 01:16:50.812,310.9,67.87
2025-12-04 01:16:50.916,339.12,67.974
2025-12-04 01:16:51.020,351.5,68.078
2025-12-04 01:16:51.125,336.35,68.183
2025-12-04 01:16:51.262,319.64,68.32
2025-12-04 01:16:51.404,356.17,68.462
2025-12-04 01:16:51.509,359.11,68.567
2025-12-04 01:16:51.613,307.86,68.671
2025-12-04 01:16:51.757,350.28,68.815
2025-12-04 01:16:51.861,297.97,68.919
2025-12-04 01:16:51.966,350.03,69.024
2025-12-04 01:16:52.070,318.6,69.128
2025-12-04 01:16:52.174,355.65,69.232
2025-12-04 01:16:52.279,355.51,69.337
2025-12-04 01:16:52.383,330.78999999999996,69.441
2025-12-04 01:16:52.488,355.61,69.546
2025-12-04 01:16:52.592,308.49,69.65
2025-12-04 01:16:52.697,361.06,69.755
2025-12-04 01:16:52.801,314.84,69.859
2025-12-04 01:16:52.906,365.9,69.964
2025-12-04 01:16:53.010,302.94,70.068
2025-12-04 01:16:53.115,350.06,70.173
2025-12-04 01:16:53.219,290.4,70.277
2025-12-04 01:16:53.323,349.18,70.381
2025-12-04 01:16:53.428,290.59000000000003,70.486
2025-12-04 01:16:53.532,345.94,70.59
2025-12-04 01:16:53.637,286.11,70.695
2025-12-04 01:16:53.741,345.14,70.799
2025-12-04 01:16:53.846,304.69,70.904
2025-12-04 01:16:53.950,346.14,71.008
2025-12-04 01:16:54.055,301.51,71.113
2025-12-04 01:16:54.159,354.02,71.217
2025-12-04 01:16:54.264,351.8,71.322
2025-12-04 01:16:54.368,337.97,71.426
2025-12-04 01:16:54.473,355.97,71.531
2025-12-04 01:16:54.578,313.48,71.636
2025-12-04 01:16:54.682,348.29999999999995,71.74
2025-12-04 01:16:54.787,303.6,71.845
2025-12-04 01:16:54.891,340.43,71.949
2025-12-04 01:16:54.996,350.53999999999996,72.054
2025-12-04 01:16:55.100,289.42999999999995,72.158
2025-12-04 01:16:55.204,223.73000000000002,72.262
2025-12-04 01:16:55.309,199.37,72.367
2025-12-04 01:16:55.413,190.01,72.471
2025-12-04 01:16:55.517,186.38,72.575
2025-12-04 01:16:55.622,185.26,72.68
2025-12-04 01:16:55.726,184.68,72.784
2025-12-04 01:16:55.830,184.57999999999998,72.888
2025-12-04 01:16:55.935,184.5,72.993
2025-12-04 01:16:56.039,184.39999999999998,73.097
2025-12-04 01:16:56.171,184.01999999999998,73.229
2025-12-04 01:16:56.276,183.82999999999998,73.334
2025-12-04 01:16:56.380,183.91,73.438
2025-12-04 01:16:56.484,184.12,73.542
2025-12-04 01:16:56.591,183.84,73.649
2025-12-04 01:16:56.695,183.75,73.753
2025-12-04 01:16:56.799,183.75,73.857
2025-12-04 01:16:56.904,183.85,73.962
2025-12-04 01:16:57.008,183.95,74.066
2025-12-04 01:16:57.113,183.82999999999998,74.171
2025-12-04 01:16:57.217,183.82999999999998,74.275
2025-12-04 01:16:57.322,183.7,74.38
2025-12-04 01:16:57.426,183.62,74.484
2025-12-04 01:16:57.530,183.7,74.588
2025-12-04 01:16:57.635,183.42000000000002,74.693
2025-12-04 01:16:57.739,177.8,74.797
2025-12-04 01:16:57.843,168.35,74.901
2025-12-04 01:16:57.948,164.68,75.006
2025-12-04 01:16:58.052,163.26,75.11
2025-12-04 01:16:58.157,162.88,75.215
2025-12-04 01:16:58.262,162.6,75.32
2025-12-04 01:16:58.366,162.69,75.424
2025-12-04 01:16:58.471,260.73,75.529
2025-12-04 01:16:58.575,246.69,75.633
2025-12-04 01:16:58.680,305.36,75.738
2025-12-04 01:16:58.784,268.88,75.842
2025-12-04 01:16:58.889,334.9,75.947
2025-12-04 01:16:58.993,279.59000000000003,76.051
2025-12-04 01:16:59.098,350.42,76.156
2025-12-04 01:16:59.202,297.44,76.26
2025-12-04 01:16:59.307,344.44,76.365
2025-12-04 01:16:59.411,302.89,76.469
2025-12-04 01:16:59.515,347.88,76.573
2025-12-04 01:16:59.620,316.36,76.678
2025-12-04 01:16:59.724,349.87,76.782
2025-12-04 01:16:59.829,356.29,76.887
2025-12-04 01:16:59.933,331.90999999999997,76.991
2025-12-04 01:17:00.038,351.9,77.096
2025-12-04 01:17:00.142,314.9,77.2
2025-12-04 01:17:00.247,324.69,77.305
2025-12-04 01:17:00.351,361.49,77.409
2025-12-04 01:17:00.456,337.95,77.514
2025-12-04 01:17:00.560,347.7,77.618
2025-12-04 01:17:00.665,354.75,77.723
2025-12-04 01:17:00.769,324.35,77.827
2025-12-04 01:17:00.874,351.15999999999997,77.932
2025-12-04 01:17:00.978,310.64,78.036
2025-12-04 01:17:01.083,354.25,78.141
2025-12-04 01:17:01.187,293.9,78.245
2025-12-04 01:17:01.292,351.83000000000004,78.35
2025-12-04 01:17:01.398,312.95000000000005,78.456
2025-12-04 01:17:01.502,347.07000000000005,78.56
2025-12-04 01:17:01.607,314.77,78.665
2025-12-04 01:17:01.711,355.51,78.769
2025-12-04 01:17:01.815,354.21000000000004,78.873
2025-12-04 01:17:01.920,337.45,78.978
2025-12-04 01:17:02.024,350.66,79.082
2025-12-04 01:17:02.129,319.12,79.187
2025-12-04 01:17:02.233,323.18,79.291
2025-12-04 01:17:02.338,363.90999999999997,79.396
2025-12-04 01:17:02.442,352.53,79.5
2025-12-04 01:17:02.547,336.65999999999997,79.605
2025-12-04 01:17:02.651,353.17999999999995,79.709
2025-12-04 01:17:02.755,319.55,79.813
2025-12-04 01:17:02.860,352.08000000000004,79.918
2025-12-04 01:17:02.965,307.73,80.023
2025-12-04 01:17:03.070,349.87,80.128
2025-12-04 01:17:03.174,300.52,80.232
2025-12-04 01:17:03.278,361.39,80.336
2025-12-04 01:17:03.383,315.16999999999996,80.441
2025-12-04 01:17:03.487,346.15,80.545
2025-12-04 01:17:03.593,314.83000000000004,80.651
2025-12-04 01:17:03.697,348.13,80.755
2025-12-04 01:17:03.802,331.61,80.86
2025-12-04 01:17:03.906,346.28,80.964
2025-12-04 01:17:04.011,348.83000000000004,81.069
2025-12-04 01:17:04.115,335.16999999999996,81.173
2025-12-04 01:17:04.224,332.97,81.282
2025-12-04 01:17:04.328,361.63,81.386
2025-12-04 01:17:04.439,349.88,81.497
2025-12-04 01:17:04.543,341.03,81.601
2025-12-04 01:17:04.648,348.27,81.706
2025-12-04 01:17:04.752,326.3,81.81
2025-12-04 01:17:04.857,347.66999999999996,81.915
2025-12-04 01:17:04.961,322.31,82.019
2025-12-04 01:17:05.066,346.53,82.124
2025-12-04 01:17:05.170,313.44,82.228
2025-12-04 01:17:05.275,364.35,82.333
2025-12-04 01:17:05.380,307.55,82.438
2025-12-04 01:17:05.484,352.19,82.542
2025-12-04 01:17:05.588,309.20000000000005,82.646
2025-12-04 01:17:05.693,359.46000000000004,82.751
2025-12-04 01:17:05.798,360.55,82.856
2025-12-04 01:17:05.903,327.25,82.961
2025-12-04 01:17:06.008,364.35,83.066
2025-12-04 01:17:06.113,316.07,83.171
2025-12-04 01:17:06.217,369.05,83.275
2025-12-04 01:17:06.322,310.78,83.38
2025-12-04 01:17:06.427,363.5,83.485
2025-12-04 01:17:06.532,353.87,83.59
2025-12-04 01:17:06.636,351.07,83.694
2025-12-04 01:17:06.741,365.01,83.799
2025-12-04 01:17:06.846,310.24,83.904
2025-12-04 01:17:06.951,365.96000000000004,84.009
2025-12-04 01:17:07.056,345.21,84.114
2025-12-04 01:17:07.160,357.49,84.218
2025-12-04 01:17:07.265,363.16999999999996,84.323
2025-12-04 01:17:07.370,312.51,84.428
2025-12-04 01:17:07.475,365.02,84.533
2025-12-04 01:17:07.580,351.5,84.638
2025-12-04 01:17:07.700,338.62,84.758
2025-12-04 01:17:07.805,365.96000000000004,84.863
2025-12-04 01:17:07.910,315.89,84.968
2025-12-04 01:17:08.014,374.38,85.072
2025-12-04 01:17:08.119,318.0,85.177
2025-12-04 01:17:08.224,257.81,85.282
2025-12-04 01:17:08.329,213.03,85.387
2025-12-04 01:17:08.433,196.22,85.491
2025-12-04 01:17:08.538,189.86,85.596
2025-12-04 01:17:08.642,187.49,85.7
2025-12-04 01:17:08.747,186.73,85.805
2025-12-04 01:17:08.852,186.26,85.91
2025-12-04 01:17:08.956,186.07,86.014
2025-12-04 01:17:09.061,186.07999999999998,86.119
2025-12-04 01:17:09.166,185.88,86.224
2025-12-04 01:17:09.270,185.49,86.328
2025-12-04 01:17:09.374,185.57999999999998,86.432
2025-12-04 01:17:09.479,185.7,86.537
2025-12-04 01:17:09.583,185.53,86.641
2025-12-04 01:17:09.688,185.41,86.746
2025-12-04 01:17:09.792,185.22,86.85
2025-12-04 01:17:09.897,185.32999999999998,86.955
2025-12-04 01:17:10.001,185.25,87.059
2025-12-04 01:17:10.105,185.35,87.163
2025-12-04 01:17:10.209,185.32999999999998,87.267
2025-12-04 01:17:10.314,185.31,87.372
2025-12-04 01:17:10.418,185.22,87.476
2025-12-04 01:17:10.523,185.21,87.581
2025-12-04 01:17:10.627,185.21,87.685
2025-12-04 01:17:10.731,185.22,87.789
2025-12-04 01:17:10.836,185.21,87.894
2025-12-04 01:17:10.940,185.12,87.998
2025-12-04 01:17:11.045,185.02,88.103
2025-12-04 01:17:11.149,185.12,88.207
2025-12-04 01:17:11.253,185.03,88.311
2025-12-04 01:17:11.384,184.55,88.442
2025-12-04 01:17:11.489,315.29999999999995,88.547
2025-12-04 01:17:11.595,297.81,88.653
2025-12-04 01:17:11.699,343.22,88.757
2025-12-04 01:17:11.803,332.3,88.861
2025-12-04 01:17:11.908,349.92,88.966
2025-12-04 01:17:12.013,360.57000000000005,89.071
2025-12-04 01:17:12.117,315.31,89.175
2025-12-04 01:17:12.222,353.88,89.28
2025-12-04 01:17:12.326,305.15,89.384
2025-12-04 01:17:12.431,365.72,89.489
2025-12-04 01:17:12.535,332.07,89.593
2025-12-04 01:17:12.639,356.1,89.697
2025-12-04 01:17:12.744,360.77,89.802
2025-12-04 01:17:12.848,318.48,89.906
2025-12-04 01:17:12.953,354.15,90.011
2025-12-04 01:17:13.058,299.97,90.116
2025-12-04 01:17:13.162,361.40999999999997,90.22
2025-12-04 01:17:13.267,345.59000000000003,90.325
2025-12-04 01:17:13.372,351.74,90.43
2025-12-04 01:17:13.476,329.21000000000004,90.534
2025-12-04 01:17:13.580,352.11,90.638
2025-12-04 01:17:13.685,306.85,90.743
2025-12-04 01:17:13.789,357.65,90.847
2025-12-04 01:17:13.899,322.4,90.957
2025-12-04 01:17:14.004,353.71000000000004,91.062
2025-12-04 01:17:14.108,353.5,91.166
2025-12-04 01:17:14.212,342.69,91.27
2025-12-04 01:17:14.317,356.25,91.375
2025-12-04 01:17:14.421,319.98,91.479
2025-12-04 01:17:14.526,361.27,91.584
2025-12-04 01:17:14.631,303.95000000000005,91.689
2025-12-04 01:17:14.735,362.75,91.793
2025-12-04 01:17:14.839,324.65,91.897
2025-12-04 01:17:14.944,360.57,92.002
2025-12-04 01:17:15.048,330.51,92.106
2025-12-04 01:17:15.152,363.85,92.21
2025-12-04 01:17:15.257,346.57,92.315
2025-12-04 01:17:15.362,349.35,92.42
2025-12-04 01:17:15.468,357.62,92.526
2025-12-04 01:17:15.572,319.28,92.63
2025-12-04 01:17:15.677,357.29999999999995,92.735
2025-12-04 01:17:15.782,295.05,92.84
2025-12-04 01:17:15.886,356.95000000000005,92.944
2025-12-04 01:17:15.991,309.25,93.049
2025-12-04 01:17:16.096,348.51,93.154
2025-12-04 01:17:16.200,304.5,93.258
2025-12-04 01:17:16.304,359.79,93.362
2025-12-04 01:17:16.409,353.74,93.467
2025-12-04 01:17:16.513,345.87,93.571
2025-12-04 01:17:16.618,364.51,93.676
2025-12-04 01:17:16.723,314.89,93.781
2025-12-04 01:17:16.827,357.2,93.885
2025-12-04 01:17:16.932,302.32000000000005,93.99
2025-12-04 01:17:17.036,365.62,94.094
2025-12-04 01:17:17.144,319.44,94.202
2025-12-04 01:17:17.248,355.9,94.306
2025-12-04 01:17:17.353,301.19,94.411
2025-12-04 01:17:17.457,358.87,94.515
2025-12-04 01:17:17.562,308.21000000000004,94.62
2025-12-04 01:17:17.666,352.85,94.724
2025-12-04 01:17:17.794,358.65999999999997,94.852
2025-12-04 01:17:17.898,323.1,94.956
2025-12-04 01:17:18.003,355.52,95.061
2025-12-04 01:17:18.107,300.19,95.165
2025-12-04 01:17:18.211,350.70000000000005,95.269
2025-12-04 01:17:18.316,293.71000000000004,95.374
2025-12-04 01:17:18.420,355.14,95.478
2025-12-04 01:17:18.525,288.83,95.583
2025-12-04 01:17:18.629,347.6,95.687
2025-12-04 01:17:18.734,301.14,95.792
2025-12-04 01:17:18.838,355.77,95.896
2025-12-04 01:17:18.942,312.02,96.0
2025-12-04 01:17:19.047,360.96,96.105
2025-12-04 01:17:19.151,294.96,96.209
2025-12-04 01:17:19.256,349.06,96.314
2025-12-04 01:17:19.360,300.41999999999996,96.418
2025-12-04 01:17:19.465,358.76,96.523
2025-12-04 01:17:19.569,339.38,96.627
2025-12-04 01:17:19.674,351.69,96.732
2025-12-04 01:17:19.778,353.11,96.836
2025-12-04 01:17:19.883,337.78999999999996,96.941
2025-12-04 01:17:20.034,350.29,97.092
2025-12-04 01:17:20.138,297.31,97.196
2025-12-04 01:17:20.242,349.85,97.3
2025-12-04 01:17:20.347,309.82,97.405
2025-12-04 01:17:20.452,349.37,97.51
2025-12-04 01:17:20.556,305.48,97.614
2025-12-04 01:17:20.661,351.25,97.719
2025-12-04 01:17:20.765,356.35,97.823
2025-12-04 01:17:20.870,342.52,97.928
2025-12-04 01:17:20.974,340.54999999999995,98.032
2025-12-04 01:17:21.079,364.24,98.137
2025-12-04 01:17:21.183,300.93,98.241
2025-12-04 01:17:21.288,215.60000000000002,98.346
2025-12-04 01:17:21.470,195.14,98.528
2025-12-04 01:17:21.574,190.26999999999998,98.632
2025-12-04 01:17:21.679,188.46,98.737
2025-12-04 01:17:21.783,187.79000000000002,98.841
2025-12-04 01:17:21.888,187.49,98.946
2025-12-04 01:17:21.992,187.32999999999998,99.05
2025-12-04 01:17:22.097,187.27,99.155
2025-12-04 01:17:22.202,187.16000000000003,99.26
2025-12-04 01:17:22.320,186.96,99.378
2025-12-04 01:17:22.424,186.96,99.482
2025-12-04 01:17:22.529,186.95,99.587
2025-12-04 01:17:22.633,186.8,99.691
2025-12-04 01:17:22.737,186.68,99.795
2025-12-04 01:17:22.842,186.69,99.9
2025-12-04 01:17:22.946,186.8,100.004
2025-12-04 01:17:23.051,186.7,100.109
2025-12-04 01:17:23.155,186.7,100.213
2025-12-04 01:17:23.260,186.5,100.318
2025-12-04 01:17:23.364,186.67000000000002,100.422
2025-12-04 01:17:23.470,186.61,100.528
2025-12-04 01:17:23.575,186.41,100.633
2025-12-04 01:17:23.679,186.39,100.737
2025-12-04 01:17:23.783,186.39,100.841
2025-12-04 01:17:23.888,186.5,100.946
2025-12-04 01:17:23.992,186.41,101.05
2025-12-04 01:17:24.098,186.18,101.156
2025-12-04 01:17:24.202,186.18,101.26
2025-12-04 01:17:24.307,186.27,101.365
2025-12-04 01:17:24.411,234.29,101.469
2025-12-04 01:17:24.516,316.02,101.574
2025-12-04 01:17:24.620,284.78999999999996,101.678
2025-12-04 01:17:24.725,340.64,101.783
2025-12-04 01:17:24.829,305.32000000000005,101.887
2025-12-04 01:17:24.934,347.32,101.992
2025-12-04 01:17:25.038,321.52,102.096
2025-12-04 01:17:25.143,344.65,102.201
2025-12-04 01:17:25.247,346.39,102.305
2025-12-04 01:17:25.352,342.52,102.41
2025-12-04 01:17:25.457,351.87,102.515
2025-12-04 01:17:25.562,324.97,102.62
2025-12-04 01:17:25.666,349.04999999999995,102.724
2025-12-04 01:17:25.771,315.61,102.829
2025-12-04 01:17:25.875,352.52,102.933
2025-12-04 01:17:25.980,298.83000000000004,103.038
2025-12-04 01:17:26.084,349.69,103.142
2025-12-04 01:17:26.189,290.73,103.247
2025-12-04 01:17:26.293,364.37,103.351
2025-12-04 01:17:26.399,333.23,103.457
2025-12-04 01:17:26.503,352.78,103.561
2025-12-04 01:17:26.608,317.28,103.666
2025-12-04 01:17:26.712,354.62,103.77
2025-12-04 01:17:26.817,295.13,103.875
2025-12-04 01:17:26.921,348.99,103.979
2025-12-04 01:17:27.026,287.23,104.084
2025-12-04 01:17:27.130,345.39,104.188
2025-12-04 01:17:27.235,290.4,104.293
2025-12-04 01:17:27.339,354.97,104.397
2025-12-04 01:17:27.444,310.32,104.502
2025-12-04 01:17:27.548,350.82,104.606
2025-12-04 01:17:27.653,342.09000000000003,104.711
2025-12-04 01:17:27.796,308.34000000000003,104.854
2025-12-04 01:17:27.900,354.99,104.958
2025-12-04 01:17:28.005,321.81,105.063
2025-12-04 01:17:28.109,352.83000000000004,105.167
2025-12-04 01:17:28.214,312.14,105.272
2025-12-04 01:17:28.318,368.13,105.376
2025-12-04 01:17:28.422,297.14,105.48
2025-12-04 01:17:28.527,358.51,105.585
2025-12-04 01:17:28.631,317.64,105.689
2025-12-04 01:17:28.736,362.33000000000004,105.794
2025-12-04 01:17:28.840,350.49,105.898
2025-12-04 01:17:28.944,345.99,106.002
2025-12-04 01:17:29.049,356.33,106.107
2025-12-04 01:17:29.154,324.97,106.212
2025-12-04 01:17:29.258,352.01,106.316
2025-12-04 01:17:29.363,311.98,106.421
2025-12-04 01:17:29.467,353.11,106.525
2025-12-04 01:17:29.572,298.89,106.63
2025-12-04 01:17:29.677,355.64,106.735
2025-12-04 01:17:29.781,302.03,106.839
2025-12-04 01:17:29.886,358.90999999999997,106.944
2025-12-04 01:17:29.990,341.89,107.048
2025-12-04 01:17:30.130,319.81,107.188
2025-12-04 01:17:30.234,341.75,107.292
2025-12-04 01:17:30.338,360.85,107.396
2025-12-04 01:17:30.443,361.5,107.501
2025-12-04 01:17:30.547,330.62,107.605
2025-12-04 01:17:30.652,355.03999999999996,107.71
2025-12-04 01:17:30.757,313.8,107.815
2025-12-04 01:17:30.862,355.53,107.92
2025-12-04 01:17:30.966,309.83000000000004,108.024
2025-12-04 01:17:31.072,356.19,108.13
2025-12-04 01:17:31.177,333.78999999999996,108.235
2025-12-04 01:17:31.281,361.53,108.339
2025-12-04 01:17:31.386,364.9,108.444
2025-12-04 01:17:31.491,324.24,108.549
2025-12-04 01:17:31.595,354.31,108.653
2025-12-04 01:17:31.763,361.03999999999996,108.821
2025-12-04 01:17:31.868,320.42,108.926
2025-12-04 01:17:31.973,357.67,109.031
2025-12-04 01:17:32.077,303.29999999999995,109.135
2025-12-04 01:17:32.182,368.96000000000004,109.24
2025-12-04 01:17:32.286,323.29,109.344
2025-12-04 01:17:32.391,355.86,109.449
2025-12-04 01:17:32.496,306.53,109.554
2025-12-04 01:17:32.600,355.51,109.658
2025-12-04 01:17:32.705,292.56,109.763
2025-12-04 01:17:32.809,355.58,109.867
2025-12-04 01:17:32.914,317.54999999999995,109.972
2025-12-04 01:17:33.018,352.18,110.076
2025-12-04 01:17:33.123,320.11,110.181
2025-12-04 01:17:33.227,351.06,110.285
2025-12-04 01:17:33.331,330.81,110.389
2025-12-04 01:17:33.436,353.84000000000003,110.494
2025-12-04 01:17:33.540,351.63,110.598
2025-12-04 01:17:33.645,342.04,110.703
2025-12-04 01:17:33.749,355.2,110.807
2025-12-04 01:17:33.854,326.29,110.912
2025-12-04 01:17:33.958,349.01,111.016
2025-12-04 01:17:34.063,318.49,111.121
2025-12-04 01:17:34.167,338.69,111.225
2025-12-04 01:17:34.273,357.45,111.331
2025-12-04 01:17:34.378,297.32,111.436
2025-12-04 01:17:34.483,229.12,111.541
2025-12-04 01:17:34.587,203.66,111.645
2025-12-04 01:17:34.692,194.21,111.75
2025-12-04 01:17:34.796,190.49,111.854
2025-12-04 01:17:34.900,189.12,111.958
2025-12-04 01:17:35.005,188.66,112.063
2025-12-04 01:17:35.109,188.5,112.167
2025-12-04 01:17:35.213,188.17,112.271
2025-12-04 01:17:35.318,188.35,112.376
2025-12-04 01:17:35.422,188.12,112.48
2025-12-04 01:17:35.526,187.93,112.584
2025-12-04 01:17:35.631,187.91,112.689
2025-12-04 01:17:35.735,188.09,112.793
2025-12-04 01:17:35.864,187.73000000000002,112.922
2025-12-04 01:17:35.968,187.63,113.026
2025-12-04 01:17:36.081,187.59,113.139
2025-12-04 01:17:36.185,187.63,113.243
2025-12-04 01:17:36.298,187.59,113.356
2025-12-04 01:17:36.402,187.68,113.46
2025-12-04 01:17:36.506,187.59,113.564
2025-12-04 01:17:36.611,187.51,113.669
2025-12-04 01:17:36.716,187.51,113.774
2025-12-04 01:17:36.820,187.32,113.878
2025-12-04 01:17:36.924,187.51,113.982
2025-12-04 01:17:37.029,187.34,114.087
2025-12-04 01:17:37.133,187.32,114.191
2025-12-04 01:17:37.238,187.42,114.296
2025-12-04 01:17:37.342,187.23000000000002,114.4
2025-12-04 01:17:37.446,187.13,114.504
2025-12-04 01:17:37.551,187.15,114.609
2025-12-04 01:17:37.655,298.20000000000005,114.713
2025-12-04 01:17:37.760,292.67999999999995,114.818
2025-12-04 01:17:37.864,343.44,114.922
2025-12-04 01:17:37.969,296.41999999999996,115.027
2025-12-04 01:17:38.075,348.44,115.133
2025-12-04 01:17:38.179,296.29999999999995,115.237
2025-12-04 01:17:38.283,355.63,115.341
2025-12-04 01:17:38.388,335.37,115.446
2025-12-04 01:17:38.524,325.06,115.582
2025-12-04 01:17:38.638,349.6,115.696
2025-12-04 01:17:38.743,308.97,115.801
2025-12-04 01:17:38.847,351.23,115.905
2025-12-04 01:17:38.952,300.49,116.01
2025-12-04 01:17:39.056,349.19,116.114
2025-12-04 01:17:39.161,294.21000000000004,116.219
2025-12-04 01:17:39.266,351.02,116.324
2025-12-04 01:17:39.370,312.35,116.428
2025-12-04 01:17:39.475,368.31,116.533
2025-12-04 01:17:39.580,313.03999999999996,116.638
2025-12-04 01:17:39.684,358.94,116.742
2025-12-04 01:17:39.788,300.54,116.846
2025-12-04 01:17:39.893,360.4,116.951
2025-12-04 01:17:39.997,305.11,117.055
2025-12-04 01:17:40.102,359.58000000000004,117.16
2025-12-04 01:17:40.207,349.5,117.265
2025-12-04 01:17:40.311,350.03,117.369
2025-12-04 01:17:40.415,346.89,117.473
2025-12-04 01:17:40.520,344.40999999999997,117.578
2025-12-04 01:17:40.624,360.49,117.682
2025-12-04 01:17:40.729,316.53999999999996,117.787
2025-12-04 01:17:40.833,359.44,117.891
2025-12-04 01:17:40.938,299.71000000000004,117.996
2025-12-04 01:17:41.042,356.72,118.1
2025-12-04 01:17:41.146,309.49,118.204
2025-12-04 01:17:41.251,356.14,118.309
2025-12-04 01:17:41.355,321.07,118.413
2025-12-04 01:17:41.460,365.35,118.518
2025-12-04 01:17:41.564,302.74,118.622
2025-12-04 01:17:41.669,358.38,118.727
2025-12-04 01:17:41.773,351.40999999999997,118.831
2025-12-04 01:17:41.877,352.44,118.935
2025-12-04 01:17:41.982,365.99,119.04
2025-12-04 01:17:42.087,320.63,119.145
2025-12-04 01:17:42.191,355.82,119.249
2025-12-04 01:17:42.296,306.97,119.354
2025-12-04 01:17:42.400,359.09000000000003,119.458
2025-12-04 01:17:42.505,315.20000000000005,119.563
2025-12-04 01:17:42.609,354.79,119.667
2025-12-04 01:17:42.714,352.37,119.772
2025-12-04 01:17:42.818,351.31,119.876
2025-12-04 01:17:42.923,362.37,119.981
2025-12-04 01:17:43.028,324.54999999999995,120.086
2025-12-04 01:17:43.132,364.36,120.19
2025-12-04 01:17:43.237,314.46000000000004,120.295
2025-12-04 01:17:43.341,372.58,120.399
2025-12-04 01:17:43.446,315.25,120.504
2025-12-04 01:17:43.550,360.04999999999995,120.608
2025-12-04 01:17:43.655,311.32,120.713
2025-12-04 01:17:43.759,358.44,120.817
2025-12-04 01:17:43.863,352.63,120.921
2025-12-04 01:17:43.968,353.35,121.026
2025-12-04 01:17:44.072,365.21000000000004,121.13
2025-12-04 01:17:44.177,339.43,121.235
2025-12-04 01:17:44.333,349.7,121.391
2025-12-04 01:17:44.438,360.7,121.496
2025-12-04 01:17:44.542,318.67,121.6
2025-12-04 01:17:44.647,363.55,121.705
2025-12-04 01:17:44.751,324.76,121.809
2025-12-04 01:17:44.856,363.66999999999996,121.914
2025-12-04 01:17:44.961,362.96,122.019
2025-12-04 01:17:45.065,343.58,122.123
2025-12-04 01:17:45.170,341.29,122.228
2025-12-04 01:17:45.274,368.8,122.332
2025-12-04 01:17:45.379,364.39,122.437
2025-12-04 01:17:45.484,334.63,122.542
2025-12-04 01:17:45.588,364.9,122.646
2025-12-04 01:17:45.693,314.89,122.751
2025-12-04 01:17:45.797,365.46000000000004,122.855
2025-12-04 01:17:45.902,361.56,122.96
2025-12-04 01:17:46.006,356.32,123.064
2025-12-04 01:17:46.111,358.48,123.169
2025-12-04 01:17:46.215,332.44,123.273
2025-12-04 01:17:46.320,358.0,123.378
2025-12-04 01:17:46.424,307.6,123.482
2025-12-04 01:17:46.529,361.93,123.587
2025-12-04 01:17:46.634,312.35,123.692
2025-12-04 01:17:46.738,357.32,123.796
2025-12-04 01:17:46.843,344.21000000000004,123.901
2025-12-04 01:17:46.947,354.87,124.005
2025-12-04 01:17:47.051,317.74,124.109
2025-12-04 01:17:47.156,364.82,124.214
2025-12-04 01:17:47.260,320.35,124.318
2025-12-04 01:17:47.365,243.79000000000002,124.423
2025-12-04 01:17:47.469,209.91,124.527
2025-12-04 01:17:47.574,196.85,124.632
2025-12-04 01:17:47.678,191.93,124.736
2025-12-04 01:17:47.792,190.22,124.85
2025-12-04 01:17:47.897,189.57999999999998,124.955
2025-12-04 01:17:48.001,189.43,125.059
2025-12-04 01:17:48.105,189.31,125.163
2025-12-04 01:17:48.210,189.3,125.268
2025-12-04 01:17:48.314,188.92000000000002,125.372
2025-12-04 01:17:48.419,188.56,125.477
2025-12-04 01:17:48.523,188.66,125.581
2025-12-04 01:17:48.627,188.87,125.685
2025-12-04 01:17:48.732,188.59,125.79
2025-12-04 01:17:48.836,188.56,125.894
2025-12-04 01:17:48.992,188.37,126.05
2025-12-04 01:17:49.096,188.45,126.154
2025-12-04 01:17:49.201,188.45,126.259
2025-12-04 01:17:49.305,188.36,126.363
2025-12-04 01:17:49.409,188.36,126.467
2025-12-04 01:17:49.513,188.36,126.571
2025-12-04 01:17:49.618,188.26,126.676
2025-12-04 01:17:49.722,188.07999999999998,126.78
2025-12-04 01:17:49.826,188.26,126.884
2025-12-04 01:17:49.931,188.07999999999998,126.989
2025-12-04 01:17:50.035,179.91,127.093
2025-12-04 01:17:50.139,170.85000000000002,127.197
2025-12-04 01:17:50.244,167.36,127.302
2025-12-04 01:17:50.348,166.1,127.406
2025-12-04 01:17:50.453,213.85000000000002,127.511
2025-12-04 01:17:50.557,281.09000000000003,127.615
2025-12-04 01:17:50.662,287.64,127.72
2025-12-04 01:17:50.766,338.75,127.824
2025-12-04 01:17:50.871,346.17,127.929
2025-12-04 01:17:50.975,335.89,128.033
2025-12-04 01:17:51.080,349.53999999999996,128.138
2025-12-04 01:17:51.184,332.3,128.242
2025-12-04 01:17:51.289,354.74,128.347
2025-12-04 01:17:51.401,303.1,128.459
2025-12-04 01:17:51.506,352.0,128.564
2025-12-04 01:17:51.611,295.47,128.669
2025-12-04 01:17:51.715,355.87,128.773
2025-12-04 01:17:51.820,323.22,128.878
2025-12-04 01:17:51.924,362.71000000000004,128.982
2025-12-04 01:17:52.028,359.03,129.086
2025-12-04 01:17:52.133,345.15,129.191
2025-12-04 01:17:52.238,338.74,129.296
2025-12-04 01:17:52.342,364.59000000000003,129.4
2025-12-04 01:17:52.447,354.19,129.505
2025-12-04 01:17:52.551,348.03,129.609
2025-12-04 01:17:52.656,354.2,129.714
2025-12-04 01:17:52.760,328.91999999999996,129.818
2025-12-04 01:17:52.865,357.33,129.923
2025-12-04 01:17:52.969,313.03999999999996,130.027
2025-12-04 01:17:53.074,360.33000000000004,130.132
2025-12-04 01:17:53.179,326.0,130.237
2025-12-04 01:17:53.283,354.91999999999996,130.341
2025-12-04 01:17:53.388,341.0,130.446
2025-12-04 01:17:53.492,355.12,130.55
2025-12-04 01:17:53.597,359.8,130.655
2025-12-04 01:17:53.702,326.25,130.76
2025-12-04 01:17:53.806,358.1,130.864
2025-12-04 01:17:53.911,307.37,130.969
2025-12-04 01:17:54.015,358.47,131.073
2025-12-04 01:17:54.120,319.1,131.178
2025-12-04 01:17:54.269,362.78,131.327
2025-12-04 01:17:54.374,327.24,131.432
2025-12-04 01:17:54.480,348.87,131.538
2025-12-04 01:17:54.584,350.68,131.642
2025-12-04 01:17:54.688,349.28999999999996,131.746
2025-12-04 01:17:54.793,357.57000000000005,131.851
2025-12-04 01:17:54.897,324.03999999999996,131.955
2025-12-04 01:17:55.002,358.12,132.06
2025-12-04 01:17:55.106,313.78,132.164
2025-12-04 01:17:55.211,355.26,132.269
2025-12-04 01:17:55.315,307.78,132.373
2025-12-04 01:17:55.419,350.87,132.477
2025-12-04 01:17:55.524,296.64,132.582
2025-12-04 01:17:55.629,350.56,132.687
2025-12-04 01:17:55.733,314.03,132.791
2025-12-04 01:17:55.838,363.6,132.896
2025-12-04 01:17:55.942,331.58000000000004,133.0
2025-12-04 01:17:56.046,348.53,133.104
2025-12-04 01:17:56.151,303.74,133.209
2025-12-04 01:17:56.255,363.69,133.313
2025-12-04 01:17:56.360,297.59000000000003,133.418
2025-12-04 01:17:56.464,355.05999999999995,133.522
2025-12-04 01:17:56.569,290.63,133.627
2025-12-04 01:17:56.673,353.83,133.731
2025-12-04 01:17:56.778,299.27,133.836
2025-12-04 01:17:56.882,359.91999999999996,133.94
2025-12-04 01:17:56.987,310.14,134.045
2025-12-04 01:17:57.091,349.37,134.149
2025-12-04 01:17:57.196,313.54999999999995,134.254
2025-12-04 01:17:57.300,350.3,134.358
2025-12-04 01:17:57.405,334.04999999999995,134.463
2025-12-04 01:17:57.509,350.96000000000004,134.567
2025-12-04 01:17:57.614,356.49,134.672
2025-12-04 01:17:57.718,331.67999999999995,134.776
2025-12-04 01:17:57.823,351.94000000000005,134.881
2025-12-04 01:17:57.927,315.36,134.985
2025-12-04 01:17:58.032,351.90999999999997,135.09
2025-12-04 01:17:58.136,298.59000000000003,135.194
2025-12-04 01:17:58.241,367.99,135.299
2025-12-04 01:17:58.346,333.84000000000003,135.404
2025-12-04 01:17:58.462,362.98,135.52
2025-12-04 01:17:58.566,309.28999999999996,135.624
2025-12-04 01:17:58.671,365.85,135.729
2025-12-04 01:17:58.775,361.67999999999995,135.833
2025-12-04 01:17:58.881,350.7,135.939
2025-12-04 01:17:58.985,356.53,136.043
2025-12-04 01:17:59.090,339.04999999999995,136.148
2025-12-04 01:17:59.194,357.9,136.252
2025-12-04 01:17:59.312,310.76,136.37
2025-12-04 01:17:59.417,357.35,136.475
2025-12-04 01:17:59.521,297.9,136.579
2025-12-04 01:17:59.626,354.16999999999996,136.684
2025-12-04 01:17:59.730,296.23,136.788
2025-12-04 01:17:59.835,353.17999999999995,136.893
2025-12-04 01:17:59.939,307.90999999999997,136.997
2025-12-04 01:18:00.044,352.41999999999996,137.102
2025-12-04 01:18:00.148,304.62,137.206
2025-12-04 01:18:00.253,367.09000000000003,137.311
2025-12-04 01:18:00.357,304.88,137.415
2025-12-04 01:18:00.462,255.57,137.52
2025-12-04 01:18:00.566,214.7,137.624
2025-12-04 01:18:00.670,199.32,137.728
2025-12-04 01:18:00.775,193.54000000000002,137.833
2025-12-04 01:18:00.881,191.37,137.939
2025-12-04 01:18:00.986,190.6,138.044
2025-12-04 01:18:01.090,190.13,138.148
2025-12-04 01:18:01.194,190.11,138.252
2025-12-04 01:18:01.298,189.94,138.356
2025-12-04 01:18:01.403,189.84,138.461
2025-12-04 01:18:01.508,189.60000000000002,138.566
2025-12-04 01:18:01.612,189.68,138.67
2025-12-04 01:18:01.729,189.55,138.787
2025-12-04 01:18:01.833,189.60000000000002,138.891
2025-12-04 01:18:01.938,189.41,138.996
2025-12-04 01:18:02.042,189.4,139.1
2025-12-04 01:18:02.146,189.39999999999998,139.204
2025-12-04 01:18:02.251,189.39999999999998,139.309
2025-12-04 01:18:02.355,189.39999999999998,139.413
2025-12-04 01:18:02.460,189.3,139.518
2025-12-04 01:18:02.564,189.22,139.622
2025-12-04 01:18:02.668,189.11,139.726
2025-12-04 01:18:02.773,189.12,139.831
2025-12-04 01:18:02.877,189.14,139.935
2025-12-04 01:18:02.982,189.03,140.04
2025-12-04 01:18:03.086,188.93,140.144
2025-12-04 01:18:03.221,189.03,140.279
2025-12-04 01:18:03.325,188.92000000000002,140.383
2025-12-04 01:18:03.430,189.03,140.488
2025-12-04 01:18:03.534,188.83,140.592
2025-12-04 01:18:03.639,328.3,140.697
2025-12-04 01:18:03.743,297.31,140.801
2025-12-04 01:18:03.848,337.88,140.906
2025-12-04 01:18:03.952,314.46000000000004,141.01
2025-12-04 01:18:04.057,352.39,141.115
2025-12-04 01:18:04.161,307.28,141.219
2025-12-04 01:18:04.266,359.65999999999997,141.324
2025-12-04 01:18:04.371,300.42999999999995,141.429
2025-12-04 01:18:04.475,355.49,141.533
2025-12-04 01:18:04.580,302.96000000000004,141.638
2025-12-04 01:18:04.684,352.28999999999996,141.742
2025-12-04 01:18:04.789,307.14,141.847
2025-12-04 01:18:04.893,349.74,141.951
2025-12-04 01:18:04.998,312.90999999999997,142.056
2025-12-04 01:18:05.102,346.40999999999997,142.16
2025-12-04 01:18:05.206,336.0,142.264
2025-12-04 01:18:05.311,352.83,142.369
2025-12-04 01:18:05.415,328.15999999999997,142.473
2025-12-04 01:18:05.520,367.68,142.578
2025-12-04 01:18:05.624,354.90999999999997,142.682
2025-12-04 01:18:05.729,348.3,142.787
2025-12-04 01:18:05.834,361.07,142.892
2025-12-04 01:18:05.938,319.43,142.996
2025-12-04 01:18:06.043,356.12,143.101
2025-12-04 01:18:06.148,322.02,143.206
2025-12-04 01:18:06.347,299.09000000000003,143.405
2025-12-04 01:18:06.452,352.47,143.51
2025-12-04 01:18:06.556,293.35,143.614
2025-12-04 01:18:06.660,353.78999999999996,143.718
2025-12-04 01:18:06.765,309.1,143.823
2025-12-04 01:18:06.869,357.1,143.927
2025-12-04 01:18:06.974,355.95000000000005,144.032
2025-12-04 01:18:07.078,349.8,144.136
2025-12-04 01:18:07.183,355.01,144.241
2025-12-04 01:18:07.288,338.73,144.346
2025-12-04 01:18:07.392,330.33000000000004,144.45
2025-12-04 01:18:07.496,360.98,144.554
2025-12-04 01:18:07.601,320.32000000000005,144.659
2025-12-04 01:18:07.706,353.02,144.764
2025-12-04 01:18:07.810,351.99,144.868
2025-12-04 01:18:07.915,344.62,144.973
2025-12-04 01:18:08.019,358.35,145.077
2025-12-04 01:18:08.124,324.89,145.182
2025-12-04 01:18:08.228,361.03,145.286
2025-12-04 01:18:08.333,311.89,145.391
2025-12-04 01:18:08.437,362.98,145.495
2025-12-04 01:18:08.542,319.28,145.6
2025-12-04 01:18:08.646,357.74,145.704
2025-12-04 01:18:08.751,358.32,145.809
2025-12-04 01:18:08.855,345.09,145.913
2025-12-04 01:18:08.960,362.44,146.018
2025-12-04 01:18:09.064,315.36,146.122
2025-12-04 01:18:09.169,359.6,146.227
2025-12-04 01:18:09.273,320.26,146.331
2025-12-04 01:18:09.423,364.03,146.481
2025-12-04 01:18:09.528,312.89,146.586
2025-12-04 01:18:09.632,353.32,146.69
2025-12-04 01:18:09.737,315.39,146.795
2025-12-04 01:18:09.841,352.14,146.899
2025-12-04 01:18:09.946,339.41999999999996,147.004
2025-12-04 01:18:10.050,351.88,147.108
2025-12-04 01:18:10.154,353.24,147.212
2025-12-04 01:18:10.259,339.34000000000003,147.317
2025-12-04 01:18:10.363,351.28999999999996,147.421
2025-12-04 01:18:10.468,330.06,147.526
2025-12-04 01:18:10.572,358.79,147.63
2025-12-04 01:18:10.677,309.9,147.735
2025-12-04 01:18:10.781,362.98,147.839
2025-12-04 01:18:10.886,295.61,147.944
2025-12-04 01:18:10.990,351.95,148.048
2025-12-04 01:18:11.095,286.6,148.153
2025-12-04 01:18:11.199,356.87,148.257
2025-12-04 01:18:11.304,308.87,148.362
2025-12-04 01:18:11.410,365.54999999999995,148.468
2025-12-04 01:18:11.514,310.38,148.572
2025-12-04 01:18:11.619,352.78,148.677
2025-12-04 01:18:11.723,301.40999999999997,148.781
2025-12-04 01:18:11.827,350.5,148.885
2025-12-04 01:18:11.932,298.63,148.99
2025-12-04 01:18:12.036,357.55,149.094
2025-12-04 01:18:12.157,310.41999999999996,149.215
2025-12-04 01:18:12.261,352.65999999999997,149.319
2025-12-04 01:18:12.366,346.85,149.424
2025-12-04 01:18:12.470,353.71,149.528
2025-12-04 01:18:12.575,361.31,149.633
2025-12-04 01:18:12.680,328.07,149.738
2025-12-04 01:18:12.785,357.64,149.843
2025-12-04 01:18:12.889,306.48,149.947
2025-12-04 01:18:12.993,352.4,150.051
2025-12-04 01:18:13.098,295.13,150.156
2025-12-04 01:18:13.203,351.23,150.261
2025-12-04 01:18:13.307,291.03,150.365
2025-12-04 01:18:13.411,368.9,150.469
2025-12-04 01:18:13.516,334.72,150.574
2025-12-04 01:18:13.620,275.45000000000005,150.678
2025-12-04 01:18:13.725,222.13,150.783
2025-12-04 01:18:13.829,202.41,150.887
2025-12-04 01:18:13.933,194.77,150.991
2025-12-04 01:18:14.038,191.93,151.096
2025-12-04 01:18:14.142,190.8,151.2
2025-12-04 01:18:14.246,190.5,151.304
2025-12-04 01:18:14.351,190.32,151.409
2025-12-04 01:18:14.455,190.31,151.513
2025-12-04 01:18:14.559,190.26,151.617
2025-12-04 01:18:14.663,189.84,151.721
2025-12-04 01:18:14.768,189.88,151.826
2025-12-04 01:18:14.872,189.88,151.93
2025-12-04 01:18:14.976,189.76999999999998,152.034
2025-12-04 01:18:15.081,189.6,152.139
2025-12-04 01:18:15.185,189.54000000000002,152.243
2025-12-04 01:18:15.290,189.49,152.348
2025-12-04 01:18:15.394,189.59,152.452
2025-12-04 01:18:15.499,189.59,152.557
2025-12-04 01:18:15.603,189.42000000000002,152.661
2025-12-04 01:18:15.707,189.51999999999998,152.765
2025-12-04 01:18:15.812,189.39999999999998,152.87
2025-12-04 01:18:15.916,189.49,152.974
2025-12-04 01:18:16.021,189.3,153.079
2025-12-04 01:18:16.125,189.39999999999998,153.183
2025-12-04 01:18:16.229,189.31,153.287
2025-12-04 01:18:16.334,189.21,153.392
2025-12-04 01:18:16.438,189.11,153.496
2025-12-04 01:18:16.543,189.14,153.601
2025-12-04 01:18:16.647,189.04,153.705
2025-12-04 01:18:16.752,189.06,153.81
2025-12-04 01:18:16.856,309.48,153.914
2025-12-04 01:18:16.961,279.13,154.019
2025-12-04 01:18:17.065,354.27,154.123
2025-12-04 01:18:17.170,341.59000000000003,154.228
2025-12-04 01:18:17.274,355.72,154.332
2025-12-04 01:18:17.379,366.73,154.437
2025-12-04 01:18:17.483,319.91999999999996,154.541
2025-12-04 01:18:17.588,366.73,154.646
2025-12-04 01:18:17.693,340.45,154.751
2025-12-04 01:18:17.797,365.53999999999996,154.855
2025-12-04 01:18:17.902,365.93,154.96
2025-12-04 01:18:18.006,322.73,155.064
2025-12-04 01:18:18.112,369.61,155.17
2025-12-04 01:18:18.216,334.01,155.274
2025-12-04 01:18:18.321,366.92,155.379
2025-12-04 01:18:18.425,332.14,155.483
2025-12-04 01:18:18.530,373.59000000000003,155.588
2025-12-04 01:18:18.634,363.97,155.692
2025-12-04 01:18:18.739,346.23,155.797
2025-12-04 01:18:18.844,369.0,155.902
2025-12-04 01:18:18.948,318.4,156.006
2025-12-04 01:18:19.052,358.7,156.11
2025-12-04 01:18:19.157,307.55,156.215
2025-12-04 01:18:19.262,361.32000000000005,156.32
2025-12-04 01:18:19.366,359.06,156.424
2025-12-04 01:18:19.470,349.1,156.528
2025-12-04 01:18:19.575,361.41999999999996,156.633
2025-12-04 01:18:19.679,326.89,156.737
2025-12-04 01:18:19.784,363.49,156.842
2025-12-04 01:18:19.889,306.67,156.947
2025-12-04 01:18:19.993,356.04,157.051
2025-12-04 01:18:20.098,330.05,157.156
2025-12-04 01:18:20.202,355.22,157.26
2025-12-04 01:18:20.307,321.78,157.365
2025-12-04 01:18:20.412,367.78999999999996,157.47
2025-12-04 01:18:20.517,323.03,157.575
2025-12-04 01:18:20.621,356.61,157.679
2025-12-04 01:18:20.726,358.98,157.784
2025-12-04 01:18:20.830,350.51,157.888
2025-12-04 01:18:20.935,361.34000000000003,157.993
2025-12-04 01:18:21.039,321.14,158.097
2025-12-04 01:18:21.144,365.01,158.202
2025-12-04 01:18:21.249,314.06,158.307
2025-12-04 01:18:21.353,360.14,158.411
2025-12-04 01:18:21.457,352.36,158.515
2025-12-04 01:18:21.562,358.21000000000004,158.62
2025-12-04 01:18:21.768,335.17,158.826
2025-12-04 01:18:21.873,356.48,158.931
2025-12-04 01:18:22.051,362.14,159.109
2025-12-04 01:18:22.156,327.82,159.214
2025-12-04 01:18:22.261,369.98,159.319
2025-12-04 01:18:22.365,354.83000000000004,159.423
2025-12-04 01:18:22.470,360.25,159.528
2025-12-04 01:18:22.574,322.3,159.632
2025-12-04 01:18:22.679,356.32,159.737
2025-12-04 01:18:22.783,303.57,159.841
2025-12-04 01:18:22.888,353.78,159.946
2025-12-04 01:18:22.992,307.68,160.05
2025-12-04 01:18:23.097,353.21000000000004,160.155
2025-12-04 01:18:23.201,315.3,160.259
2025-12-04 01:18:23.305,356.62,160.363
2025-12-04 01:18:23.410,333.95,160.468
2025-12-04 01:18:23.514,350.79,160.572
2025-12-04 01:18:23.619,351.94,160.677
2025-12-04 01:18:23.723,345.0,160.781
2025-12-04 01:18:23.828,355.40999999999997,160.886
2025-12-04 01:18:23.932,328.46000000000004,160.99
2025-12-04 01:18:24.037,359.51,161.095
2025-12-04 01:18:24.141,313.65,161.199
2025-12-04 01:18:24.246,369.71000000000004,161.304
2025-12-04 01:18:24.377,311.74,161.435
2025-12-04 01:18:24.481,355.02,161.539
2025-12-04 01:18:24.588,300.02,161.646
2025-12-04 01:18:24.693,356.62,161.751
2025-12-04 01:18:24.797,318.79999999999995,161.855
2025-12-04 01:18:24.901,359.46,161.959
2025-12-04 01:18:25.006,361.98,162.064
2025-12-04 01:18:25.111,346.41999999999996,162.169
2025-12-04 01:18:25.215,354.73,162.273
2025-12-04 01:18:25.320,330.67999999999995,162.378
2025-12-04 01:18:25.424,354.90999999999997,162.482
2025-12-04 01:18:25.529,315.12,162.587
2025-12-04 01:18:25.633,356.88,162.691
2025-12-04 01:18:25.738,304.96,162.796
2025-12-04 01:18:25.869,350.59000000000003,162.927
2025-12-04 01:18:25.973,318.9,163.031
2025-12-04 01:18:26.078,363.78,163.136
2025-12-04 01:18:26.182,321.61,163.24
2025-12-04 01:18:26.289,369.26,163.347
2025-12-04 01:18:26.394,323.99,163.452
2025-12-04 01:18:26.498,242.35000000000002,163.556
2025-12-04 01:18:26.603,210.2,163.661
2025-12-04 01:18:26.707,197.99,163.765
2025-12-04 01:18:26.811,193.65,163.869
2025-12-04 01:18:26.916,191.87,163.974
2025-12-04 01:18:27.020,191.2,164.078
2025-12-04 01:18:27.124,190.9,164.182
2025-12-04 01:18:27.229,190.69,164.287
2025-12-04 01:18:27.333,190.7,164.391
2025-12-04 01:18:27.437,190.53,164.495
2025-12-04 01:18:27.541,190.3,164.599
2025-12-04 01:18:27.646,190.27,164.704
2025-12-04 01:18:27.750,190.35,164.808
2025-12-04 01:18:27.854,190.20999999999998,164.912
2025-12-04 01:18:27.959,190.01,165.017
2025-12-04 01:18:28.063,189.92000000000002,165.121
2025-12-04 01:18:28.168,190.01,165.226
2025-12-04 01:18:28.272,189.89999999999998,165.33
2025-12-04 01:18:28.376,189.95,165.434
2025-12-04 01:18:28.481,189.76,165.539
2025-12-04 01:18:28.585,189.67000000000002,165.643
2025-12-04 01:18:28.690,189.68,165.748
2025-12-04 01:18:28.794,189.78,165.852
2025-12-04 01:18:28.899,189.57999999999998,165.957
2025-12-04 01:18:29.003,189.68,166.061
2025-12-04 01:18:29.108,189.57999999999998,166.166
2025-12-04 01:18:29.212,189.68,166.27
2025-12-04 01:18:29.317,189.4,166.375
2025-12-04 01:18:29.421,189.49,166.479
2025-12-04 01:18:29.526,189.5,166.584
2025-12-04 01:18:29.630,268.56,166.688
2025-12-04 01:18:29.735,318.83000000000004,166.793
2025-12-04 01:18:29.839,352.21000000000004,166.897
2025-12-04 01:18:29.944,312.63,167.002
2025-12-04 01:18:30.049,366.28999999999996,167.107
2025-12-04 01:18:30.153,339.51,167.211
2025-12-04 01:18:30.258,363.15,167.316
2025-12-04 01:18:30.362,366.34,167.42
2025-12-04 01:18:30.467,324.96000000000004,167.525
2025-12-04 01:18:30.571,369.87,167.629
2025-12-04 01:18:30.676,333.48,167.734
2025-12-04 01:18:30.781,369.25,167.839
2025-12-04 01:18:30.885,369.87,167.943
2025-12-04 01:18:30.990,328.78,168.048
2025-12-04 01:18:31.094,368.76,168.152
2025-12-04 01:18:31.199,322.46000000000004,168.257
2025-12-04 01:18:31.303,376.54,168.361
2025-12-04 01:18:31.408,320.18,168.466
2025-12-04 01:18:31.513,367.19,168.571
2025-12-04 01:18:31.617,363.2,168.675
2025-12-04 01:18:31.722,349.22,168.78
2025-12-04 01:18:31.827,366.56,168.885
2025-12-04 01:18:31.931,314.58,168.989
2025-12-04 01:18:32.036,369.27,169.094
2025-12-04 01:18:32.140,356.03999999999996,169.198
2025-12-04 01:18:32.245,355.77,169.303
2025-12-04 01:18:32.349,371.65,169.407
2025-12-04 01:18:32.454,319.12,169.512
2025-12-04 01:18:32.558,368.53999999999996,169.616
2025-12-04 01:18:32.663,344.74,169.721
2025-12-04 01:18:32.767,363.14,169.825
2025-12-04 01:18:32.872,368.93,169.93
2025-12-04 01:18:32.976,318.87,170.034
2025-12-04 01:18:33.081,346.23,170.139
2025-12-04 01:18:33.185,365.37,170.243
2025-12-04 01:18:33.291,364.37,170.349
2025-12-04 01:18:33.395,324.62,170.453
2025-12-04 01:18:33.500,362.64,170.558
2025-12-04 01:18:33.605,309.81,170.663
2025-12-04 01:18:33.709,359.97,170.767
2025-12-04 01:18:33.814,332.8,170.872
2025-12-04 01:18:33.918,360.80999999999995,170.976
2025-12-04 01:18:34.023,358.08,171.081
2025-12-04 01:18:34.127,344.45,171.185
2025-12-04 01:18:34.231,362.28,171.289
2025-12-04 01:18:34.336,316.59000000000003,171.394
2025-12-04 01:18:34.441,356.96000000000004,171.499
2025-12-04 01:18:34.545,300.11,171.603
2025-12-04 01:18:34.650,356.42,171.708
2025-12-04 01:18:34.754,307.02,171.812
2025-12-04 01:18:34.859,350.3,171.917
2025-12-04 01:18:34.963,305.19,172.021
2025-12-04 01:18:35.067,365.17999999999995,172.125
2025-12-04 01:18:35.172,309.26,172.23
2025-12-04 01:18:35.276,358.36,172.334
2025-12-04 01:18:35.381,311.24,172.439
2025-12-04 01:18:35.485,358.86,172.543
2025-12-04 01:18:35.591,339.11,172.649
2025-12-04 01:18:35.695,355.28,172.753
2025-12-04 01:18:35.800,358.48,172.858
2025-12-04 01:18:35.904,341.66999999999996,172.962
2025-12-04 01:18:36.009,356.97,173.067
2025-12-04 01:18:36.113,324.88,173.171
2025-12-04 01:18:36.218,356.93,173.276
2025-12-04 01:18:36.322,314.82000000000005,173.38
2025-12-04 01:18:36.427,354.23,173.485
2025-12-04 01:18:36.531,309.40999999999997,173.589
2025-12-04 01:18:36.636,355.38,173.694
2025-12-04 01:18:36.741,302.12,173.799
2025-12-04 01:18:36.845,351.87,173.903
2025-12-04 01:18:36.950,293.57000000000005,174.008
2025-12-04 01:18:37.054,368.62,174.112
2025-12-04 01:18:37.159,335.27,174.217
2025-12-04 01:18:37.263,359.37,174.321
2025-12-04 01:18:37.368,312.1,174.426
2025-12-04 01:18:37.472,370.79,174.53
2025-12-04 01:18:37.576,321.49,174.634
2025-12-04 01:18:37.681,358.48,174.739
2025-12-04 01:18:37.786,335.06,174.844
2025-12-04 01:18:37.892,360.03999999999996,174.95
2025-12-04 01:18:37.996,350.4,175.054
2025-12-04 01:18:38.101,345.78999999999996,175.159
2025-12-04 01:18:38.222,360.21000000000004,175.28
2025-12-04 01:18:38.326,322.23,175.384
2025-12-04 01:18:38.431,362.11,175.489
2025-12-04 01:18:38.535,301.67999999999995,175.593
2025-12-04 01:18:38.640,355.55,175.698
2025-12-04 01:18:38.744,292.29,175.802
2025-12-04 01:18:38.849,355.05,175.907
2025-12-04 01:18:38.953,318.46000000000004,176.011
2025-12-04 01:18:39.058,312.8,176.116
2025-12-04 01:18:39.162,287.1,176.22
2025-12-04 01:18:39.266,274.24,176.324
2025-12-04 01:18:39.371,267.38,176.429
2025-12-04 01:18:39.475,275.82,176.533
2025-12-04 01:18:39.580,297.96000000000004,176.638
2025-12-04 01:18:39.684,318.72,176.742
2025-12-04 01:18:39.789,329.43,176.847
2025-12-04 01:18:39.893,330.46000000000004,176.951
2025-12-04 01:18:39.997,321.69,177.055
2025-12-04 01:18:40.102,313.38,177.16
2025-12-04 01:18:40.206,305.65,177.264
2025-12-04 01:18:40.311,297.85,177.369
2025-12-04 01:18:40.415,290.93,177.473
2025-12-04 01:18:40.520,284.28,177.578
2025-12-04 01:18:40.624,278.26,177.682
2025-12-04 01:18:40.729,272.53,177.787
2025-12-04 01:18:40.833,275.27,177.891
2025-12-04 01:18:40.938,284.64,177.996
2025-12-04 01:18:41.042,293.74,178.1
2025-12-04 01:18:41.147,305.20000000000005,178.205
2025-12-04 01:18:41.251,300.65,178.309
2025-12-04 01:18:41.372,313.34000000000003,178.43
2025-12-04 01:18:41.477,305.58,178.535
2025-12-04 01:18:41.581,298.19,178.639
2025-12-04 01:18:41.686,291.15999999999997,178.744
2025-12-04 01:18:41.790,265.46000000000004,178.848
2025-12-04 01:18:41.895,232.09,178.953
2025-12-04 01:18:41.999,219.24,179.057
2025-12-04 01:18:42.104,214.33999999999997,179.162
2025-12-04 01:18:42.208,211.64,179.266
2025-12-04 01:18:42.313,209.37,179.371
2025-12-04 01:18:42.418,208.22,179.476
2025-12-04 01:18:42.523,208.89,179.581
2025-12-04 01:18:42.627,211.04000000000002,179.685
2025-12-04 01:18:42.732,212.39,179.79
2025-12-04 01:18:42.836,214.26,179.894
2025-12-04 01:18:42.941,216.16,179.999
2025-12-04 01:18:43.045,218.53,180.103
2025-12-04 01:18:43.149,220.70999999999998,180.207
2025-12-04 01:18:43.254,222.5,180.312
2025-12-04 01:18:43.358,224.38,180.416
2025-12-04 01:18:43.463,225.98000000000002,180.521
2025-12-04 01:18:43.567,227.78,180.625
2025-12-04 01:18:43.672,230.31,180.73
2025-12-04 01:18:43.776,230.87,180.834
2025-12-04 01:18:43.881,229.49,180.939
2025-12-04 01:18:43.985,228.35000000000002,181.043
2025-12-04 01:18:44.089,226.82,181.147
2025-12-04 01:18:44.194,225.12,181.252
2025-12-04 01:18:44.299,223.89,181.357
2025-12-04 01:18:44.403,222.87,181.461
2025-12-04 01:18:44.508,221.82,181.566
2025-12-04 01:18:44.612,220.57999999999998,181.67
2025-12-04 01:18:44.716,219.54000000000002,181.774
2025-12-04 01:18:44.821,218.22000000000003,181.879
2025-12-04 01:18:44.925,216.73000000000002,181.983
2025-12-04 01:18:45.030,215.78,182.088
2025-12-04 01:18:45.134,214.65,182.192
2025-12-04 01:18:45.239,213.44,182.297
2025-12-04 01:18:45.343,212.38,182.401
2025-12-04 01:18:45.448,211.14,182.506
2025-12-04 01:18:45.552,209.81,182.61
2025-12-04 01:18:45.656,209.07,182.714
2025-12-04 01:18:45.761,208.13,182.819
2025-12-04 01:18:45.865,207.07999999999998,182.923
2025-12-04 01:18:45.970,206.22,183.028
2025-12-04 01:18:46.074,204.79000000000002,183.132
2025-12-04 01:18:46.179,203.65,183.237
2025-12-04 01:18:46.284,202.91,183.342
2025-12-04 01:18:46.388,202.23000000000002,183.446
2025-12-04 01:18:46.492,201.52,183.55
2025-12-04 01:18:46.597,200.97,183.655
2025-12-04 01:18:46.701,199.64,183.759
2025-12-04 01:18:46.806,199.0,183.864
2025-12-04 01:18:46.910,197.95,183.968
2025-12-04 01:18:47.015,198.14,184.073
2025-12-04 01:18:47.119,200.12,184.177
2025-12-04 01:18:47.224,202.82999999999998,184.282
2025-12-04 01:18:47.329,206.49,184.387
2025-12-04 01:18:47.433,209.44,184.491
2025-12-04 01:18:47.538,212.64,184.596
2025-12-04 01:18:47.642,215.49,184.7
2025-12-04 01:18:47.747,218.32,184.805
2025-12-04 01:18:47.851,220.86,184.909
2025-12-04 01:18:47.956,223.51,185.014
2025-12-04 01:18:48.060,226.55,185.118
2025-12-04 01:18:48.164,229.01,185.222
2025-12-04 01:18:48.269,232.2,185.327
2025-12-04 01:18:48.374,234.57,185.432
2025-12-04 01:18:48.478,234.43,185.536
2025-12-04 01:18:48.583,233.64,185.641
2025-12-04 01:18:48.687,233.5,185.745
2025-12-04 01:18:48.791,233.34,185.849
2025-12-04 01:18:48.896,233.16,185.954
2025-12-04 01:18:49.000,232.87,186.058
2025-12-04 01:18:49.105,232.48000000000002,186.163
2025-12-04 01:18:49.209,231.61,186.267
2025-12-04 01:18:49.313,232.49,186.371
2025-12-04 01:18:49.420,232.13,186.478
2025-12-04 01:18:49.524,231.75,186.582
2025-12-04 01:18:49.629,231.75,186.687
2025-12-04 01:18:49.733,231.44,186.791
2025-12-04 01:18:49.837,231.34,186.895
2025-12-04 01:18:49.942,230.98,187.0
2025-12-04 01:18:50.046,230.68,187.104
2025-12-04 01:18:50.151,230.69,187.209
2025-12-04 01:18:50.255,230.13,187.313
2025-12-04 01:18:50.360,230.12,187.418
2025-12-04 01:18:50.464,229.51,187.522
2025-12-04 01:18:50.568,229.78,187.626
2025-12-04 01:18:50.673,229.06,187.731
2025-12-04 01:18:50.777,228.31,187.835
2025-12-04 01:18:50.881,227.07,187.939
2025-12-04 01:18:50.986,225.92000000000002,188.044
2025-12-04 01:18:51.091,224.42000000000002,188.149
2025-12-04 01:18:51.196,222.51,188.254
2025-12-04 01:18:51.301,223.29,188.359
2025-12-04 01:18:51.416,219.93,188.474
2025-12-04 01:18:51.521,222.0,188.579
2025-12-04 01:18:51.625,223.81,188.683
2025-12-04 01:18:51.730,225.91,188.788
2025-12-04 01:18:51.834,227.85,188.892
2025-12-04 01:18:51.938,228.54000000000002,188.996
2025-12-04 01:18:52.043,230.32999999999998,189.101
2025-12-04 01:18:52.147,232.10000000000002,189.205
2025-12-04 01:18:52.252,233.73000000000002,189.31
2025-12-04 01:18:52.357,235.44,189.415
2025-12-04 01:18:52.461,237.06,189.519
2025-12-04 01:18:52.565,237.36,189.623
2025-12-04 01:18:52.670,236.18,189.728
2025-12-04 01:18:52.774,234.78,189.832
2025-12-04 01:18:52.879,233.92000000000002,189.937
2025-12-04 01:18:52.983,232.21,190.041
2025-12-04 01:18:53.087,230.98000000000002,190.145
2025-12-04 01:18:53.192,229.46,190.25
2025-12-04 01:18:53.297,228.26999999999998,190.355
2025-12-04 01:18:53.401,226.76,190.459
2025-12-04 01:18:53.505,225.14,190.563
2025-12-04 01:18:53.610,213.72,190.668
2025-12-04 01:18:53.741,205.0,190.799
2025-12-04 01:18:53.845,204.22,190.903
2025-12-04 01:18:53.950,203.43,191.008
2025-12-04 01:18:54.054,202.37,191.112
2025-12-04 01:18:54.159,201.63,191.217
2025-12-04 01:18:54.263,200.68,191.321
2025-12-04 01:18:54.367,199.64,191.425
2025-12-04 01:18:54.472,199.04000000000002,191.53
2025-12-04 01:18:54.576,198.19,191.634
2025-12-04 01:18:54.681,198.66,191.739
2025-12-04 01:18:54.785,200.31,191.843
2025-12-04 01:18:54.890,202.07999999999998,191.948
2025-12-04 01:18:54.994,203.78,192.052
2025-12-04 01:18:55.099,206.42000000000002,192.157
2025-12-04 01:18:55.203,208.42000000000002,192.261
2025-12-04 01:18:55.307,210.85,192.365
2025-12-04 01:18:55.412,213.12,192.47
2025-12-04 01:18:55.516,217.91,192.574
2025-12-04 01:18:55.622,221.53,192.68
2025-12-04 01:18:55.726,224.26,192.784
2025-12-04 01:18:55.830,226.26,192.888
2025-12-04 01:18:55.935,228.3,192.993
2025-12-04 01:18:56.039,228.63,193.097
2025-12-04 01:18:56.143,227.79000000000002,193.201
2025-12-04 01:18:56.248,227.4,193.306
2025-12-04 01:18:56.352,226.83999999999997,193.41
2025-12-04 01:18:56.457,226.07999999999998,193.515
2025-12-04 01:18:56.561,226.24,193.619
2025-12-04 01:18:56.665,225.03,193.723
2025-12-04 01:18:56.770,225.14,193.828
2025-12-04 01:18:56.874,224.8,193.932
2025-12-04 01:18:56.979,224.82,194.037
2025-12-04 01:18:57.083,224.57,194.141
2025-12-04 01:18:57.188,224.26999999999998,194.246
2025-12-04 01:18:57.292,223.58999999999997,194.35
2025-12-04 01:18:57.398,224.26999999999998,194.456
2025-12-04 01:18:57.502,223.5,194.56
2025-12-04 01:18:57.606,223.62,194.664
2025-12-04 01:18:57.711,223.51,194.769
2025-12-04 01:18:57.815,223.53,194.873
2025-12-04 01:18:57.920,222.94,194.978
2025-12-04 01:18:58.024,222.56,195.082
2025-12-04 01:18:58.128,222.56,195.186
2025-12-04 01:18:58.233,222.5,195.291
2025-12-04 01:18:58.337,222.31,195.395
2025-12-04 01:18:58.442,222.01,195.5
2025-12-04 01:18:58.546,222.05,195.604
2025-12-04 01:18:58.651,222.12,195.709
2025-12-04 01:18:58.755,222.05,195.813
2025-12-04 01:18:58.859,221.91000000000003,195.917
2025-12-04 01:18:58.964,222.28,196.022
2025-12-04 01:18:59.068,221.89,196.126
2025-12-04 01:18:59.173,221.33,196.231
2025-12-04 01:18:59.277,223.39999999999998,196.335
2025-12-04 01:18:59.382,225.81,196.44
2025-12-04 01:18:59.486,227.19,196.544
2025-12-04 01:18:59.591,230.13,196.649
2025-12-04 01:18:59.695,232.19,196.753
2025-12-04 01:18:59.800,233.95,196.858
2025-12-04 01:18:59.904,235.57999999999998,196.962
2025-12-04 01:19:00.008,237.37,197.066
2025-12-04 01:19:00.113,239.82,197.171
2025-12-04 01:19:00.217,242.06,197.275
2025-12-04 01:19:00.323,244.18,197.381
2025-12-04 01:19:00.428,244.22,197.486
2025-12-04 01:19:00.532,243.48,197.59
2025-12-04 01:19:00.636,241.89,197.694
2025-12-04 01:19:00.741,240.55,197.799
2025-12-04 01:19:00.845,239.32,197.903
2025-12-04 01:19:00.950,238.19,198.008
2025-12-04 01:19:01.054,236.51,198.112
2025-12-04 01:19:01.159,234.74,198.217
2025-12-04 01:19:01.263,233.11,198.321
2025-12-04 01:19:01.368,232.01,198.426
2025-12-04 01:19:01.472,230.9,198.53
2025-12-04 01:19:01.577,229.66,198.635
2025-12-04 01:19:01.681,228.71,198.739
2025-12-04 01:19:01.785,227.1,198.843
2025-12-04 01:19:01.890,225.99,198.948
2025-12-04 01:19:01.994,224.48,199.052
2025-12-04 01:19:02.099,223.7,199.157
2025-12-04 01:19:02.204,222.66000000000003,199.262
2025-12-04 01:19:02.308,221.88,199.366
2025-12-04 01:19:02.413,220.84,199.471
2025-12-04 01:19:02.517,218.39,199.575
2025-12-04 01:19:02.624,217.29000000000002,199.682
2025-12-04 01:19:02.728,216.44,199.786
2025-12-04 01:19:02.833,215.28,199.891
2025-12-04 01:19:02.937,214.23000000000002,199.995
2025-12-04 01:19:03.041,213.42000000000002,200.099
2025-12-04 01:19:03.146,212.08999999999997,200.204
2025-12-04 01:19:03.250,211.10000000000002,200.308
2025-12-04 01:19:03.355,210.23000000000002,200.413
2025-12-04 01:19:03.459,209.19,200.517
2025-12-04 01:19:03.564,208.05,200.622
2025-12-04 01:19:03.668,208.6,200.726
2025-12-04 01:19:03.773,210.65,200.831
2025-12-04 01:19:03.877,212.85,200.935
2025-12-04 01:19:03.982,215.2,201.04
2025-12-04 01:19:04.086,217.11,201.144
2025-12-04 01:19:04.191,219.4,201.249
2025-12-04 01:19:04.295,221.65,201.353
2025-12-04 01:19:04.400,223.62,201.458
2025-12-04 01:19:04.504,225.31,201.562
2025-12-04 01:19:04.608,226.75,201.666
2025-12-04 01:19:04.713,228.89,201.771
2025-12-04 01:19:04.859,218.7,201.917
2025-12-04 01:19:04.963,218.7,202.021
2025-12-04 01:19:05.068,218.49,202.126
2025-12-04 01:19:05.173,218.2,202.231
2025-12-04 01:19:05.277,217.84,202.335
2025-12-04 01:19:05.381,218.22,202.439
2025-12-04 01:19:05.486,218.03,202.544
2025-12-04 01:19:05.590,217.63,202.648
2025-12-04 01:19:05.694,217.54,202.752
2025-12-04 01:19:05.800,219.07,202.858
2025-12-04 01:19:05.905,218.82,202.963
2025-12-04 01:19:06.009,219.19,203.067
2025-12-04 01:19:06.113,218.98000000000002,203.171
2025-12-04 01:19:06.218,220.49,203.276
2025-12-04 01:19:06.324,222.63,203.382
2025-12-04 01:19:06.429,225.72,203.487
2025-12-04 01:19:06.533,228.47,203.591
2025-12-04 01:19:06.638,231.31,203.696
2025-12-04 01:19:06.742,232.74,203.8
2025-12-04 01:19:06.847,235.26,203.905
2025-12-04 01:19:06.951,236.91,204.009
2025-12-04 01:19:07.056,238.47,204.114
2025-12-04 01:19:07.160,240.41,204.218
2025-12-04 01:19:07.264,241.92,204.322
2025-12-04 01:19:07.369,243.94,204.427
2025-12-04 01:19:07.473,245.16,204.531
2025-12-04 01:19:07.578,245.55,204.636
2025-12-04 01:19:07.682,244.18,204.74
2025-12-04 01:19:07.787,242.41,204.845
2025-12-04 01:19:07.891,240.74,204.949
2025-12-04 01:19:07.996,239.32,205.054
2025-12-04 01:19:08.101,237.42,205.159
2025-12-04 01:19:08.205,235.51,205.263
2025-12-04 01:19:08.310,234.19,205.368
2025-12-04 01:19:08.415,232.32,205.473
2025-12-04 01:19:08.519,230.24,205.577
2025-12-04 01:19:08.625,228.7,205.683
2025-12-04 01:19:08.729,227.43,205.787
2025-12-04 01:19:08.834,226.01,205.892
2025-12-04 01:19:08.938,224.95,205.996
2025-12-04 01:19:09.043,223.7,206.101
2025-12-04 01:19:09.147,222.29000000000002,206.205
2025-12-04 01:19:09.252,221.36,206.31
2025-12-04 01:19:09.356,220.3,206.414
2025-12-04 01:19:09.460,219.07,206.518
2025-12-04 01:19:09.565,196.79000000000002,206.623
2025-12-04 01:19:09.669,188.49,206.727
2025-12-04 01:19:09.774,185.45,206.832
2025-12-04 01:19:09.878,183.78,206.936
2025-12-04 01:19:09.982,158.61,207.04
2025-12-04 01:19:10.087,149.24,207.145
2025-12-04 01:19:10.191,145.71,207.249
2025-12-04 01:19:10.295,146.27,207.353
2025-12-04 01:19:10.401,147.11,207.459
2025-12-04 01:19:10.506,149.96,207.564
2025-12-04 01:19:10.610,150.28,207.668
2025-12-04 01:19:10.715,151.13,207.773
2025-12-04 01:19:10.819,153.31,207.877
2025-12-04 01:19:10.925,157.52,207.983
2025-12-04 01:19:11.030,160.81,208.088
2025-12-04 01:19:11.134,166.8,208.192
2025-12-04 01:19:11.238,169.01999999999998,208.296
2025-12-04 01:19:11.379,169.89,208.437
2025-12-04 01:19:11.484,170.2,208.542
2025-12-04 01:19:11.588,170.39,208.646
2025-12-04 01:19:11.692,170.39,208.75
2025-12-04 01:19:11.797,170.2,208.855
2025-12-04 01:19:11.901,170.28,208.959
2025-12-04 01:19:12.006,170.11,209.064
2025-12-04 01:19:12.110,170.2,209.168
2025-12-04 01:19:12.215,170.2,209.273
2025-12-04 01:19:12.319,170.07999999999998,209.377
2025-12-04 01:19:12.424,170.35,209.482
2025-12-04 01:19:12.528,170.26999999999998,209.586
2025-12-04 01:19:12.632,170.18,209.69
2025-12-04 01:19:12.737,170.07999999999998,209.795
2025-12-04 01:19:12.841,170.07999999999998,209.899
2025-12-04 01:19:12.946,170.2,210.004
2025-12-04 01:19:13.050,170.1,210.108
2025-12-04 01:19:13.155,169.91,210.213
2025-12-04 01:19:13.259,170.2,210.317
2025-12-04 01:19:13.363,169.91,210.421
2025-12-04 01:19:13.468,169.82,210.526
2025-12-04 01:19:13.572,169.91,210.63
2025-12-04 01:19:13.677,169.91,210.735
2025-12-04 01:19:13.781,169.82,210.839
2025-12-04 01:19:13.885,169.72,210.943
2025-12-04 01:19:13.990,169.7,211.048
2025-12-04 01:19:14.094,169.81,211.152
2025-12-04 01:19:14.199,169.8,211.257
2025-12-04 01:19:14.303,169.72,211.361
2025-12-04 01:19:14.408,169.72,211.466
2025-12-04 01:19:14.512,169.81,211.57
2025-12-04 01:19:14.622,169.72,211.68
2025-12-04 01:19:14.726,169.91,211.784
2025-12-04 01:19:14.831,169.72,211.889
2025-12-04 01:19:14.935,169.62,211.993
2025-12-04 01:19:15.040,169.72,212.098
2025-12-04 01:19:15.144,169.72,212.202
2025-12-04 01:19:15.249,169.72,212.307
2025-12-04 01:19:15.353,169.72,212.411
2025-12-04 01:19:15.458,169.72,212.516
2025-12-04 01:19:15.562,169.72,212.62
2025-12-04 01:19:15.667,169.62,212.725
2025-12-04 01:19:15.771,169.62,212.829
2025-12-04 01:19:15.876,169.51999999999998,212.934
2025-12-04 01:19:15.980,169.51999999999998,213.038
2025-12-04 01:19:16.085,169.42000000000002,213.143
2025-12-04 01:19:16.189,169.42000000000002,213.247
2025-12-04 01:19:16.294,169.51999999999998,213.352
2025-12-04 01:19:16.398,169.51999999999998,213.456
2025-12-04 01:19:16.502,169.42000000000002,213.56
2025-12-04 01:19:16.607,169.42000000000002,213.665
2025-12-04 01:19:16.712,169.32999999999998,213.77
2025-12-04 01:19:16.816,169.32999999999998,213.874
2025-12-04 01:19:16.920,169.42000000000002,213.978
2025-12-04 01:19:17.027,169.33,214.085
2025-12-04 01:19:17.131,169.24,214.189
2025-12-04 01:19:17.235,169.33,214.293
2025-12-04 01:19:17.340,169.43,214.398
2025-12-04 01:19:17.444,169.42000000000002,214.502
2025-12-04 01:19:17.549,169.21,214.607
2025-12-04 01:19:17.653,169.25,214.711
2025-12-04 01:19:17.758,169.24,214.816
2025-12-04 01:19:17.862,169.14,214.92
2025-12-04 01:19:17.966,169.23000000000002,215.024
2025-12-04 01:19:18.071,169.33,215.129
2025-12-04 01:19:18.175,169.04,215.233
2025-12-04 01:19:18.280,169.23000000000002,215.338
2025-12-04 01:19:18.384,169.23000000000002,215.442
2025-12-04 01:19:18.514,169.14,215.572
2025-12-04 01:19:18.618,169.14,215.676
2025-12-04 01:19:18.723,169.33,215.781
2025-12-04 01:19:18.827,169.04,215.885
2025-12-04 01:19:18.932,169.14,215.99
2025-12-04 01:19:19.036,169.04,216.094
2025-12-04 01:19:19.140,169.13,216.198
2025-12-04 01:19:19.245,169.14,216.303
2025-12-04 01:19:19.349,168.95999999999998,216.407
2025-12-04 01:19:19.454,168.95999999999998,216.512
2025-12-04 01:19:19.558,169.13,216.616
2025-12-04 01:19:19.662,168.95999999999998,216.72
2025-12-04 01:19:19.767,169.14,216.825
2025-12-04 01:19:19.871,169.14,216.929
2025-12-04 01:19:19.975,168.87,217.033
2025-12-04 01:19:20.080,168.87,217.138
2025-12-04 01:19:20.184,168.87,217.242
2025-12-04 01:19:20.288,168.87,217.346
2025-12-04 01:19:20.393,168.87,217.451
2025-12-04 01:19:20.497,168.95999999999998,217.555
2025-12-04 01:19:20.603,168.87,217.661
2025-12-04 01:19:20.708,168.85,217.766
2025-12-04 01:19:20.812,168.94,217.87
2025-12-04 01:19:20.916,168.95,217.974
2025-12-04 01:19:21.021,168.76,218.079
2025-12-04 01:19:21.125,168.84,218.183
2025-12-04 01:19:21.230,168.84,218.288
2025-12-04 01:19:21.334,168.84,218.392
2025-12-04 01:19:21.439,168.95999999999998,218.497
2025-12-04 01:19:21.543,168.76999999999998,218.601
2025-12-04 01:19:21.648,168.76999999999998,218.706
2025-12-04 01:19:21.752,168.67000000000002,218.81
2025-12-04 01:19:21.857,168.67000000000002,218.915
2025-12-04 01:19:21.961,168.67000000000002,219.019
2025-12-04 01:19:22.066,168.76999999999998,219.124
2025-12-04 01:19:22.170,168.76999999999998,219.228
2025-12-04 01:19:22.275,168.57999999999998,219.333
2025-12-04 01:19:22.379,168.64999999999998,219.437
2025-12-04 01:19:22.484,168.67000000000002,219.542
2025-12-04 01:19:22.588,168.57999999999998,219.646
2025-12-04 01:19:22.693,168.57999999999998,219.751
2025-12-04 01:19:22.797,168.57999999999998,219.855
2025-12-04 01:19:22.902,168.66000000000003,219.96
2025-12-04 01:19:23.007,168.66000000000003,220.065
2025-12-04 01:19:23.111,168.57,220.169
2025-12-04 01:19:23.215,168.57,220.273
2025-12-04 01:19:23.320,168.57999999999998,220.378
2025-12-04 01:19:23.424,168.57999999999998,220.482
2025-12-04 01:19:23.529,168.66000000000003,220.587
2025-12-04 01:19:23.634,168.66000000000003,220.692
2025-12-04 01:19:23.738,168.48000000000002,220.796
2025-12-04 01:19:23.842,168.57,220.9
2025-12-04 01:19:23.947,168.57,221.005
2025-12-04 01:19:24.051,168.57,221.109
2025-12-04 01:19:24.156,168.45,221.214
2025-12-04 01:19:24.260,168.57,221.318
2025-12-04 01:19:24.365,168.57,221.423
2025-12-04 01:19:24.469,168.48000000000002,221.527
2025-12-04 01:19:24.574,168.38,221.632
2025-12-04 01:19:24.678,168.38,221.736
2025-12-04 01:19:24.783,168.48000000000002,221.841
2025-12-04 01:19:24.887,168.48000000000002,221.945
2025-12-04 01:19:24.992,168.38,222.05
2025-12-04 01:19:25.097,168.38,222.155
2025-12-04 01:19:25.201,168.38,222.259
2025-12-04 01:19:25.306,168.38,222.364
2025-12-04 01:19:25.410,168.38,222.468
2025-12-04 01:19:25.515,168.38,222.573
2025-12-04 01:19:25.619,168.29000000000002,222.677
2025-12-04 01:19:25.724,168.38,222.782
2025-12-04 01:19:25.874,168.38,222.932
2025-12-04 01:19:25.978,168.29000000000002,223.036
2025-12-04 01:19:26.083,168.29000000000002,223.141
2025-12-04 01:19:26.187,168.19,223.245
2025-12-04 01:19:26.292,168.29000000000002,223.35
2025-12-04 01:19:26.396,168.19,223.454
2025-12-04 01:19:26.501,168.29000000000002,223.559
2025-12-04 01:19:26.605,168.19,223.663
2025-12-04 01:19:26.710,164.47,223.768
2025-12-04 01:19:26.814,161.81,223.872
2025-12-04 01:19:26.919,160.96,223.977
2025-12-04 01:19:27.023,160.57999999999998,224.081
2025-12-04 01:19:27.129,148.75,224.187
2025-12-04 01:19:27.234,143.06,224.292
2025-12-04 01:19:27.339,141.16,224.397
2025-12-04 01:19:27.443,140.19,224.501
2025-12-04 01:19:27.548,139.98,224.606
2025-12-04 01:19:27.652,139.79000000000002,224.71
2025-12-04 01:19:27.757,139.74,224.815
2025-12-04 01:19:27.861,139.74,224.919
2025-12-04 01:19:27.966,139.64,225.024
2025-12-04 01:19:28.070,139.56,225.128
2025-12-04 01:19:28.175,139.62,225.233
2025-12-04 01:19:28.280,139.65,225.338
2025-12-04 01:19:28.384,139.64,225.442
2025-12-04 01:19:28.489,139.57999999999998,225.547
2025-12-04 01:19:28.593,139.57,225.651
2025-12-04 01:19:28.697,139.51,225.755
2025-12-04 01:19:28.802,139.51,225.86
2025-12-04 01:19:28.907,139.43,225.965
2025-12-04 01:19:29.011,139.45,226.069
2025-12-04 01:19:29.116,139.46,226.174
2025-12-04 01:19:29.220,139.38,226.278
2025-12-04 01:19:29.325,135.13,226.383
2025-12-04 01:19:29.431,107.84,226.489
2025-12-04 01:19:29.536,97.79,226.594
2025-12-04 01:19:29.642,94.18,226.7
2025-12-04 01:19:29.747,80.11,226.805
2025-12-04 01:19:29.853,57.31,226.911
2025-12-04 01:19:29.960,49.04,227.018
2025-12-04 01:19:30.066,45.91,227.124
2025-12-04 01:19:30.172,44.5,227.23
2025-12-04 01:19:30.278,44.21,227.336
2025-12-04 01:19:30.385,43.739999999999995,227.443
2025-12-04 01:19:30.491,43.83,227.549
2025-12-04 01:19:30.598,43.55,227.656
2025-12-04 01:19:30.704,44.21,227.762
2025-12-04 01:19:30.813,43.82,227.871
2025-12-04 01:19:30.919,43.82,227.977
2025-12-04 01:19:31.025,43.92,228.083
2025-12-04 01:19:31.132,44.39,228.19
2025-12-04 01:19:31.238,44.39,228.296
2025-12-04 01:19:31.344,44.2,228.402
2025-12-04 01:19:31.451,44.019999999999996,228.509
2025-12-04 01:19:31.557,43.92,228.615
2025-12-04 01:19:31.663,44.01,228.721
2025-12-04 01:19:31.769,43.629999999999995,228.827
2025-12-04 01:19:31.875,43.730000000000004,228.933
2025-12-04 01:19:31.982,43.45,229.04
2025-12-04 01:19:32.088,43.739999999999995,229.146
2025-12-04 01:19:32.194,43.349999999999994,229.252
2025-12-04 01:19:32.301,43.25,229.359
2025-12-04 01:19:32.407,43.44,229.465
2025-12-04 01:19:32.514,43.25,229.572
2025-12-04 01:19:32.618,43.25,229.676
2025-12-04 01:19:32.722,43.15,229.78
2025-12-04 01:19:32.826,43.15,229.884
2025-12-04 01:19:32.930,43.15,229.988
2025-12-04 01:19:33.033,43.15,230.091
2025-12-04 01:19:33.141,43.730000000000004,230.199
2025-12-04 01:19:33.244,43.92,230.302
2025-12-04 01:19:33.348,43.730000000000004,230.406
2025-12-04 01:19:33.452,42.68,230.51
2025-12-04 01:19:33.558,42.4,230.616
2025-12-04 01:19:33.662,42.489999999999995,230.72
2025-12-04 01:19:33.766,42.489999999999995,230.824
2025-12-04 01:19:33.870,42.59,230.928
2025-12-04 01:19:33.974,42.489999999999995,231.032
2025-12-04 01:19:34.078,42.489999999999995,231.136
2025-12-04 01:19:34.182,42.489999999999995,231.24
2025-12-04 01:19:34.286,42.59,231.344
2025-12-04 01:19:34.390,42.59,231.448
2025-12-04 01:19:34.492,42.5,231.55
2025-12-04 01:19:34.596,42.5,231.654
2025-12-04 01:19:34.697,42.5,231.755
2025-12-04 01:19:34.799,42.5,231.857
2025-12-04 01:19:34.901,42.5,231.959
2025-12-04 01:19:35.002,42.5,232.06
2025-12-04 01:19:35.104,42.5,232.162
2025-12-04 01:19:35.206,42.5,232.264
2025-12-04 01:19:35.307,40.980000000000004,232.365
2025-12-04 01:19:35.412,40.980000000000004,232.47
2025-12-04 01:19:35.514,40.879999999999995,232.572
2025-12-04 01:19:35.618,40.879999999999995,232.676
2025-12-04 01:19:35.720,40.879999999999995,232.778
2025-12-04 01:19:35.822,40.879999999999995,232.88
2025-12-04 01:19:35.923,40.879999999999995,232.981
2025-12-04 01:19:36.025,40.879999999999995,233.083
2025-12-04 01:19:36.127,40.879999999999995,233.185
2025-12-04 01:19:36.228,40.879999999999995,233.286
2025-12-04 01:19:36.330,40.68,233.388
2025-12-04 01:19:36.434,40.68,233.492
2025-12-04 01:19:36.536,40.68,233.594
2025-12-04 01:19:36.640,40.68,233.698
2025-12-04 01:19:36.742,40.68,233.8
2025-12-04 01:19:36.844,40.68,233.902
2025-12-04 01:19:36.946,40.68,234.004
2025-12-04 01:19:37.048,40.68,234.106
2025-12-04 01:19:37.150,40.68,234.208
2025-12-04 01:19:37.251,40.68,234.309
2025-12-04 01:19:37.353,40.21,234.411
2025-12-04 01:19:37.459,40.21,234.517
2025-12-04 01:19:37.561,40.21,234.619
2025-12-04 01:19:37.663,40.21,234.721
2025-12-04 01:19:37.765,40.21,234.823
2025-12-04 01:19:37.866,40.21,234.924
2025-12-04 01:19:37.968,40.21,235.026
2025-12-04 01:19:38.070,40.21,235.128
2025-12-04 01:19:38.172,40.21,235.23
2025-12-04 01:19:38.273,40.21,235.331
2025-12-04 01:19:38.375,38.29,235.433
2025-12-04 01:19:38.482,38.29,235.54
2025-12-04 01:19:38.584,38.29,235.642
2025-12-04 01:19:38.685,38.29,235.743
2025-12-04 01:19:38.787,38.29,235.845
2025-12-04 01:19:38.889,38.29,235.947
2025-12-04 01:19:38.990,38.29,236.048
2025-12-04 01:19:39.092,38.29,236.15
2025-12-04 01:19:39.194,38.29,236.252
2025-12-04 01:19:39.296,37.81,236.354
2025-12-04 01:19:39.400,37.72,236.458
2025-12-04 01:19:39.504,37.72,236.562
2025-12-04 01:19:39.606,37.72,236.664
2025-12-04 01:19:39.708,37.72,236.766
2025-12-04 01:19:39.809,37.72,236.867
2025-12-04 01:19:39.911,37.72,236.969
2025-12-04 01:19:40.013,37.72,237.071
2025-12-04 01:19:40.115,37.72,237.173
2025-12-04 01:19:40.217,37.72,237.275
2025-12-04 01:19:40.319,36.2,237.377
2025-12-04 01:19:40.423,36.29,237.481
2025-12-04 01:19:40.528,36.29,237.586
2025-12-04 01:19:40.629,36.29,237.687
2025-12-04 01:19:40.731,36.29,237.789
2025-12-04 01:19:40.833,36.29,237.891
2025-12-04 01:19:40.935,36.29,237.993
2025-12-04 01:19:41.037,36.29,238.095
2025-12-04 01:19:41.139,36.29,238.197
2025-12-04 01:19:41.241,36.29,238.299
2025-12-04 01:19:41.343,36.29,238.401
2025-12-04 01:19:41.448,36.1,238.506
2025-12-04 01:19:41.552,36.1,238.61
2025-12-04 01:19:41.654,36.1,238.712
2025-12-04 01:19:41.776,36.1,238.834
2025-12-04 01:19:41.878,36.1,238.936
2025-12-04 01:19:41.981,36.1,239.039
2025-12-04 01:19:42.083,36.1,239.141
2025-12-04 01:19:42.184,36.1,239.242
2025-12-04 01:19:42.286,36.1,239.344
2025-12-04 01:19:42.388,36.099999999999994,239.446
2025-12-04 01:19:42.494,36.099999999999994,239.552
2025-12-04 01:19:42.596,36.099999999999994,239.654
2025-12-04 01:19:42.698,36.099999999999994,239.756
2025-12-04 01:19:42.800,36.099999999999994,239.858
2025-12-04 01:19:42.902,36.099999999999994,239.96
2025-12-04 01:19:43.004,36.099999999999994,240.062
2025-12-04 01:19:43.105,36.099999999999994,240.163
2025-12-04 01:19:43.207,36.099999999999994,240.265
2025-12-04 01:19:43.309,36.099999999999994,240.367
2025-12-04 01:19:43.411,35.99,240.469
2025-12-04 01:19:43.517,35.99,240.575
2025-12-04 01:19:43.619,35.99,240.677
2025-12-04 01:19:43.721,35.99,240.779
2025-12-04 01:19:43.823,35.99,240.881
2025-12-04 01:19:43.925,35.99,240.983
2025-12-04 01:19:44.026,35.99,241.084
2025-12-04 01:19:44.128,35.99,241.186
2025-12-04 01:19:44.229,35.99,241.287
2025-12-04 01:19:44.331,36.1,241.389
2025-12-04 01:19:44.435,36.1,241.493
2025-12-04 01:19:44.539,36.1,241.597
2025-12-04 01:19:44.640,36.1,241.698
2025-12-04 01:19:44.742,36.1,241.8
2025-12-04 01:19:44.844,36.1,241.902
2025-12-04 01:19:44.946,36.1,242.004
2025-12-04 01:19:45.047,36.1,242.105
2025-12-04 01:19:45.149,36.1,242.207
2025-12-04 01:19:45.251,36.1,242.309
2025-12-04 01:19:45.353,35.82,242.411
2025-12-04 01:19:45.457,35.730000000000004,242.515
2025-12-04 01:19:45.568,35.730000000000004,242.626
2025-12-04 01:19:45.669,35.730000000000004,242.727
