timestamp, power.draw [W], utilization.gpu [%], memory.used [MiB]
2025/12/02 20:53:14.340, 18.32 W, 0 %, 1 MiB
2025/12/02 20:53:14.343, 16.89 W, 0 %, 1 MiB
2025/12/02 20:53:14.447, 18.32 W, 0 %, 1 MiB
2025/12/02 20:53:14.448, 16.89 W, 0 %, 1 MiB
2025/12/02 20:53:14.549, 18.32 W, 0 %, 1 MiB
2025/12/02 20:53:14.549, 16.89 W, 0 %, 1 MiB
2025/12/02 20:53:14.650, 18.32 W, 0 %, 1 MiB
2025/12/02 20:53:14.651, 16.89 W, 0 %, 1 MiB
2025/12/02 20:53:14.752, 18.32 W, 0 %, 1 MiB
2025/12/02 20:53:14.753, 16.89 W, 0 %, 1 MiB
2025/12/02 20:53:14.854, 18.32 W, 0 %, 1 MiB
2025/12/02 20:53:14.854, 16.89 W, 0 %, 1 MiB
2025/12/02 20:53:14.955, 18.32 W, 0 %, 1 MiB
2025/12/02 20:53:14.956, 16.89 W, 0 %, 1 MiB
2025/12/02 20:53:15.057, 18.32 W, 0 %, 1 MiB
2025/12/02 20:53:15.058, 16.89 W, 0 %, 1 MiB
2025/12/02 20:53:15.159, 18.32 W, 0 %, 1 MiB
2025/12/02 20:53:15.160, 16.89 W, 0 %, 1 MiB
2025/12/02 20:53:15.261, 18.32 W, 0 %, 1 MiB
2025/12/02 20:53:15.262, 16.89 W, 0 %, 1 MiB
2025/12/02 20:53:15.363, 18.50 W, 0 %, 1 MiB
2025/12/02 20:53:15.366, 16.97 W, 0 %, 1 MiB
2025/12/02 20:53:15.470, 18.50 W, 0 %, 1 MiB
2025/12/02 20:53:15.471, 16.97 W, 0 %, 1 MiB
2025/12/02 20:53:15.572, 18.50 W, 0 %, 1 MiB
2025/12/02 20:53:15.573, 16.97 W, 0 %, 1 MiB
2025/12/02 20:53:15.674, 18.50 W, 0 %, 1 MiB
2025/12/02 20:53:15.674, 16.97 W, 0 %, 1 MiB
2025/12/02 20:53:15.775, 18.50 W, 0 %, 1 MiB
2025/12/02 20:53:15.776, 16.97 W, 0 %, 1 MiB
2025/12/02 20:53:15.877, 18.50 W, 0 %, 1 MiB
2025/12/02 20:53:15.878, 16.97 W, 0 %, 1 MiB
2025/12/02 20:53:15.979, 18.50 W, 0 %, 1 MiB
2025/12/02 20:53:15.980, 16.97 W, 0 %, 1 MiB
2025/12/02 20:53:16.080, 18.50 W, 0 %, 1 MiB
2025/12/02 20:53:16.081, 16.97 W, 0 %, 1 MiB
2025/12/02 20:53:16.182, 18.50 W, 0 %, 1 MiB
2025/12/02 20:53:16.183, 16.97 W, 0 %, 1 MiB
2025/12/02 20:53:16.284, 18.50 W, 0 %, 1 MiB
2025/12/02 20:53:16.285, 16.97 W, 0 %, 1 MiB
2025/12/02 20:53:16.386, 18.51 W, 0 %, 1 MiB
2025/12/02 20:53:16.389, 17.08 W, 0 %, 1 MiB
2025/12/02 20:53:16.492, 18.51 W, 0 %, 1 MiB
2025/12/02 20:53:16.494, 17.08 W, 0 %, 1 MiB
2025/12/02 20:53:16.594, 18.51 W, 0 %, 1 MiB
2025/12/02 20:53:16.595, 17.08 W, 0 %, 1 MiB
2025/12/02 20:53:16.696, 18.51 W, 0 %, 1 MiB
2025/12/02 20:53:16.697, 17.08 W, 0 %, 1 MiB
2025/12/02 20:53:16.798, 18.51 W, 0 %, 1 MiB
2025/12/02 20:53:16.799, 17.08 W, 0 %, 1 MiB
2025/12/02 20:53:16.900, 18.51 W, 0 %, 1 MiB
2025/12/02 20:53:16.900, 17.08 W, 0 %, 1 MiB
2025/12/02 20:53:17.001, 18.51 W, 0 %, 1 MiB
2025/12/02 20:53:17.002, 17.08 W, 0 %, 1 MiB
2025/12/02 20:53:17.103, 18.51 W, 0 %, 1 MiB
2025/12/02 20:53:17.104, 17.08 W, 0 %, 1 MiB
2025/12/02 20:53:17.205, 18.51 W, 0 %, 1 MiB
2025/12/02 20:53:17.206, 17.08 W, 0 %, 1 MiB
2025/12/02 20:53:17.307, 18.51 W, 0 %, 1 MiB
2025/12/02 20:53:17.307, 17.08 W, 0 %, 1 MiB
2025/12/02 20:53:17.408, 18.51 W, 0 %, 1 MiB
2025/12/02 20:53:17.411, 17.08 W, 0 %, 1 MiB
2025/12/02 20:53:17.514, 18.51 W, 0 %, 1 MiB
2025/12/02 20:53:17.515, 17.08 W, 0 %, 1 MiB
2025/12/02 20:53:17.616, 18.51 W, 0 %, 1 MiB
2025/12/02 20:53:17.617, 17.08 W, 0 %, 1 MiB
2025/12/02 20:53:17.718, 18.51 W, 0 %, 1 MiB
2025/12/02 20:53:17.718, 17.08 W, 0 %, 1 MiB
2025/12/02 20:53:17.819, 18.51 W, 0 %, 1 MiB
2025/12/02 20:53:17.820, 17.08 W, 0 %, 1 MiB
2025/12/02 20:53:17.921, 18.51 W, 0 %, 1 MiB
2025/12/02 20:53:17.922, 17.08 W, 0 %, 1 MiB
2025/12/02 20:53:18.022, 18.51 W, 0 %, 1 MiB
2025/12/02 20:53:18.023, 17.08 W, 0 %, 1 MiB
2025/12/02 20:53:18.124, 18.51 W, 0 %, 1 MiB
2025/12/02 20:53:18.125, 17.08 W, 0 %, 1 MiB
2025/12/02 20:53:18.226, 18.51 W, 0 %, 1 MiB
2025/12/02 20:53:18.227, 17.08 W, 0 %, 1 MiB
2025/12/02 20:53:18.327, 18.51 W, 0 %, 1 MiB
2025/12/02 20:53:18.329, 17.08 W, 0 %, 1 MiB
2025/12/02 20:53:18.429, 18.32 W, 0 %, 1 MiB
2025/12/02 20:53:18.432, 16.89 W, 0 %, 1 MiB
2025/12/02 20:53:18.536, 18.32 W, 0 %, 1 MiB
2025/12/02 20:53:18.537, 16.89 W, 0 %, 1 MiB
2025/12/02 20:53:18.638, 18.32 W, 0 %, 1 MiB
2025/12/02 20:53:18.639, 17.27 W, 0 %, 1 MiB
2025/12/02 20:53:18.742, 18.32 W, 0 %, 1 MiB
2025/12/02 20:53:18.742, 17.27 W, 0 %, 1 MiB
2025/12/02 20:53:18.843, 18.51 W, 0 %, 1 MiB
2025/12/02 20:53:18.846, 17.27 W, 0 %, 1 MiB
2025/12/02 20:53:18.947, 18.51 W, 0 %, 1 MiB
2025/12/02 20:53:18.948, 17.27 W, 0 %, 1 MiB
2025/12/02 20:53:19.049, 18.51 W, 0 %, 1 MiB
2025/12/02 20:53:19.050, 17.27 W, 0 %, 1 MiB
2025/12/02 20:53:19.151, 18.51 W, 0 %, 1 MiB
2025/12/02 20:53:19.151, 17.27 W, 0 %, 1 MiB
2025/12/02 20:53:19.252, 18.51 W, 0 %, 1 MiB
2025/12/02 20:53:19.253, 17.27 W, 0 %, 1 MiB
2025/12/02 20:53:19.354, 18.51 W, 0 %, 1 MiB
2025/12/02 20:53:19.355, 17.27 W, 0 %, 1 MiB
2025/12/02 20:53:19.456, 18.51 W, 0 %, 4 MiB
2025/12/02 20:53:19.457, 17.27 W, 0 %, 4 MiB
2025/12/02 20:53:19.558, 18.51 W, 0 %, 4 MiB
2025/12/02 20:53:19.559, 17.27 W, 0 %, 4 MiB
2025/12/02 20:53:19.660, 18.51 W, 0 %, 4 MiB
2025/12/02 20:53:19.661, 16.98 W, 0 %, 4 MiB
2025/12/02 20:53:19.764, 18.51 W, 0 %, 4 MiB
2025/12/02 20:53:19.765, 16.98 W, 0 %, 4 MiB
2025/12/02 20:53:19.866, 18.22 W, 0 %, 4 MiB
2025/12/02 20:53:19.869, 16.98 W, 0 %, 4 MiB
2025/12/02 20:53:19.970, 18.22 W, 0 %, 4 MiB
2025/12/02 20:53:19.971, 16.98 W, 0 %, 4 MiB
2025/12/02 20:53:20.073, 18.22 W, 0 %, 4 MiB
2025/12/02 20:53:20.074, 16.98 W, 0 %, 4 MiB
2025/12/02 20:53:20.175, 18.22 W, 0 %, 4 MiB
2025/12/02 20:53:20.176, 16.98 W, 0 %, 4 MiB
2025/12/02 20:53:20.277, 18.22 W, 0 %, 4 MiB
2025/12/02 20:53:20.278, 16.98 W, 0 %, 4 MiB
2025/12/02 20:53:20.379, 18.22 W, 0 %, 4 MiB
2025/12/02 20:53:20.380, 16.98 W, 0 %, 4 MiB
2025/12/02 20:53:20.481, 18.22 W, 0 %, 4 MiB
2025/12/02 20:53:20.483, 16.98 W, 0 %, 4 MiB
2025/12/02 20:53:20.584, 18.22 W, 0 %, 4 MiB
2025/12/02 20:53:20.585, 16.98 W, 0 %, 4 MiB
2025/12/02 20:53:20.686, 18.22 W, 0 %, 4 MiB
2025/12/02 20:53:20.687, 16.79 W, 0 %, 4 MiB
2025/12/02 20:53:20.790, 18.22 W, 0 %, 4 MiB
2025/12/02 20:53:20.791, 16.79 W, 0 %, 4 MiB
2025/12/02 20:53:20.892, 18.41 W, 0 %, 4 MiB
2025/12/02 20:53:20.895, 16.79 W, 0 %, 4 MiB
2025/12/02 20:53:20.996, 18.41 W, 0 %, 4 MiB
2025/12/02 20:53:20.997, 16.79 W, 0 %, 4 MiB
2025/12/02 20:53:21.098, 18.41 W, 0 %, 4 MiB
2025/12/02 20:53:21.099, 16.79 W, 0 %, 4 MiB
2025/12/02 20:53:21.199, 18.41 W, 0 %, 4 MiB
2025/12/02 20:53:21.200, 16.79 W, 0 %, 4 MiB
2025/12/02 20:53:21.301, 18.41 W, 0 %, 4 MiB
2025/12/02 20:53:21.302, 16.79 W, 0 %, 4 MiB
2025/12/02 20:53:21.403, 18.41 W, 0 %, 4 MiB
2025/12/02 20:53:21.404, 16.79 W, 0 %, 4 MiB
2025/12/02 20:53:21.505, 18.41 W, 0 %, 4 MiB
2025/12/02 20:53:21.505, 16.79 W, 0 %, 4 MiB
2025/12/02 20:53:21.606, 18.41 W, 0 %, 4 MiB
2025/12/02 20:53:21.608, 16.79 W, 0 %, 4 MiB
2025/12/02 20:53:21.708, 18.41 W, 0 %, 4 MiB
2025/12/02 20:53:21.710, 16.98 W, 0 %, 4 MiB
2025/12/02 20:53:21.813, 18.41 W, 0 %, 4 MiB
2025/12/02 20:53:21.814, 16.98 W, 0 %, 4 MiB
2025/12/02 20:53:21.915, 18.31 W, 0 %, 4 MiB
2025/12/02 20:53:21.918, 16.98 W, 0 %, 4 MiB
2025/12/02 20:53:22.019, 18.31 W, 0 %, 4 MiB
2025/12/02 20:53:22.020, 16.98 W, 0 %, 4 MiB
2025/12/02 20:53:22.121, 18.31 W, 0 %, 4 MiB
2025/12/02 20:53:22.122, 16.98 W, 0 %, 4 MiB
2025/12/02 20:53:22.223, 18.31 W, 0 %, 4 MiB
2025/12/02 20:53:22.224, 16.98 W, 0 %, 4 MiB
2025/12/02 20:53:22.324, 18.31 W, 0 %, 4 MiB
2025/12/02 20:53:22.325, 16.98 W, 0 %, 4 MiB
2025/12/02 20:53:22.426, 18.31 W, 0 %, 4 MiB
2025/12/02 20:53:22.427, 16.98 W, 0 %, 4 MiB
2025/12/02 20:53:22.528, 18.31 W, 0 %, 4 MiB
2025/12/02 20:53:22.529, 16.98 W, 0 %, 4 MiB
2025/12/02 20:53:22.630, 18.31 W, 0 %, 4 MiB
2025/12/02 20:53:22.631, 16.98 W, 0 %, 4 MiB
2025/12/02 20:53:22.731, 18.31 W, 0 %, 4 MiB
2025/12/02 20:53:22.732, 16.89 W, 0 %, 4 MiB
2025/12/02 20:53:22.835, 18.31 W, 0 %, 4 MiB
2025/12/02 20:53:22.836, 16.89 W, 0 %, 4 MiB
2025/12/02 20:53:22.937, 18.12 W, 0 %, 4 MiB
2025/12/02 20:53:22.940, 16.89 W, 0 %, 4 MiB
2025/12/02 20:53:23.041, 18.12 W, 0 %, 4 MiB
2025/12/02 20:53:23.042, 16.89 W, 0 %, 4 MiB
2025/12/02 20:53:23.143, 18.12 W, 0 %, 4 MiB
2025/12/02 20:53:23.144, 16.89 W, 0 %, 4 MiB
2025/12/02 20:53:23.245, 18.12 W, 0 %, 4 MiB
2025/12/02 20:53:23.246, 16.89 W, 0 %, 4 MiB
2025/12/02 20:53:23.347, 18.12 W, 0 %, 4 MiB
2025/12/02 20:53:23.348, 16.89 W, 0 %, 4 MiB
2025/12/02 20:53:23.449, 18.12 W, 0 %, 4 MiB
2025/12/02 20:53:23.450, 16.89 W, 0 %, 4 MiB
2025/12/02 20:53:23.551, 18.12 W, 0 %, 4 MiB
2025/12/02 20:53:23.551, 16.89 W, 0 %, 4 MiB
2025/12/02 20:53:23.652, 18.12 W, 0 %, 4 MiB
2025/12/02 20:53:23.653, 17.08 W, 0 %, 4 MiB
2025/12/02 20:53:23.756, 18.12 W, 0 %, 4 MiB
2025/12/02 20:53:23.757, 17.08 W, 0 %, 4 MiB
2025/12/02 20:53:23.858, 18.31 W, 0 %, 4 MiB
2025/12/02 20:53:23.861, 17.08 W, 0 %, 4 MiB
2025/12/02 20:53:23.962, 18.31 W, 0 %, 4 MiB
2025/12/02 20:53:23.963, 17.08 W, 0 %, 4 MiB
2025/12/02 20:53:24.064, 18.31 W, 0 %, 4 MiB
2025/12/02 20:53:24.064, 17.08 W, 0 %, 4 MiB
2025/12/02 20:53:24.165, 18.31 W, 0 %, 4 MiB
2025/12/02 20:53:24.166, 17.08 W, 0 %, 4 MiB
2025/12/02 20:53:24.267, 18.31 W, 0 %, 4 MiB
2025/12/02 20:53:24.268, 17.08 W, 0 %, 4 MiB
2025/12/02 20:53:24.369, 18.31 W, 0 %, 4 MiB
2025/12/02 20:53:24.370, 17.08 W, 0 %, 4 MiB
2025/12/02 20:53:24.470, 18.31 W, 0 %, 4 MiB
2025/12/02 20:53:24.471, 17.08 W, 0 %, 4 MiB
2025/12/02 20:53:24.572, 18.31 W, 0 %, 4 MiB
2025/12/02 20:53:24.573, 17.08 W, 0 %, 4 MiB
2025/12/02 20:53:24.674, 18.31 W, 0 %, 4 MiB
2025/12/02 20:53:24.675, 16.79 W, 0 %, 4 MiB
2025/12/02 20:53:24.778, 18.31 W, 0 %, 4 MiB
2025/12/02 20:53:24.779, 16.79 W, 0 %, 4 MiB
2025/12/02 20:53:24.880, 18.12 W, 0 %, 4 MiB
2025/12/02 20:53:24.883, 16.79 W, 0 %, 4 MiB
2025/12/02 20:53:24.984, 18.12 W, 0 %, 4 MiB
2025/12/02 20:53:24.985, 16.79 W, 0 %, 4 MiB
2025/12/02 20:53:25.086, 18.12 W, 0 %, 4 MiB
2025/12/02 20:53:25.086, 16.79 W, 0 %, 4 MiB
2025/12/02 20:53:25.187, 18.12 W, 0 %, 4 MiB
2025/12/02 20:53:25.188, 16.79 W, 0 %, 4 MiB
2025/12/02 20:53:25.289, 18.12 W, 0 %, 4 MiB
2025/12/02 20:53:25.290, 16.79 W, 0 %, 4 MiB
2025/12/02 20:53:25.391, 18.12 W, 0 %, 4 MiB
2025/12/02 20:53:25.392, 16.79 W, 0 %, 4 MiB
2025/12/02 20:53:25.493, 18.12 W, 0 %, 4 MiB
2025/12/02 20:53:25.494, 16.79 W, 0 %, 4 MiB
2025/12/02 20:53:25.594, 18.12 W, 0 %, 4 MiB
2025/12/02 20:53:25.595, 16.79 W, 0 %, 4 MiB
2025/12/02 20:53:25.696, 18.12 W, 0 %, 4 MiB
2025/12/02 20:53:25.697, 16.60 W, 0 %, 4 MiB
2025/12/02 20:53:25.800, 18.12 W, 0 %, 4 MiB
2025/12/02 20:53:25.801, 16.60 W, 0 %, 4 MiB
2025/12/02 20:53:25.902, 18.03 W, 0 %, 4 MiB
2025/12/02 20:53:25.905, 16.60 W, 0 %, 4 MiB
2025/12/02 20:53:26.006, 18.03 W, 0 %, 4 MiB
2025/12/02 20:53:26.007, 16.60 W, 0 %, 4 MiB
2025/12/02 20:53:26.108, 18.03 W, 0 %, 4 MiB
2025/12/02 20:53:26.109, 16.60 W, 0 %, 4 MiB
2025/12/02 20:53:26.209, 18.03 W, 0 %, 4 MiB
2025/12/02 20:53:26.210, 16.60 W, 0 %, 4 MiB
2025/12/02 20:53:26.311, 18.03 W, 0 %, 4 MiB
2025/12/02 20:53:26.312, 16.60 W, 0 %, 4 MiB
2025/12/02 20:53:26.413, 18.03 W, 0 %, 4 MiB
2025/12/02 20:53:26.414, 16.60 W, 0 %, 4 MiB
2025/12/02 20:53:26.514, 18.03 W, 0 %, 4 MiB
2025/12/02 20:53:26.515, 16.60 W, 0 %, 4 MiB
2025/12/02 20:53:26.616, 18.03 W, 0 %, 4 MiB
2025/12/02 20:53:26.617, 16.60 W, 0 %, 4 MiB
2025/12/02 20:53:26.718, 18.03 W, 0 %, 4 MiB
2025/12/02 20:53:26.719, 16.79 W, 0 %, 4 MiB
2025/12/02 20:53:26.822, 18.03 W, 0 %, 4 MiB
2025/12/02 20:53:26.823, 16.79 W, 0 %, 4 MiB
2025/12/02 20:53:26.924, 18.22 W, 0 %, 4 MiB
2025/12/02 20:53:26.927, 16.79 W, 0 %, 4 MiB
2025/12/02 20:53:27.028, 18.22 W, 0 %, 4 MiB
2025/12/02 20:53:27.029, 16.79 W, 0 %, 4 MiB
2025/12/02 20:53:27.130, 18.22 W, 0 %, 4 MiB
2025/12/02 20:53:27.130, 16.79 W, 0 %, 4 MiB
2025/12/02 20:53:27.231, 18.22 W, 0 %, 4 MiB
2025/12/02 20:53:27.232, 16.79 W, 0 %, 4 MiB
2025/12/02 20:53:27.333, 18.22 W, 0 %, 4 MiB
2025/12/02 20:53:27.334, 16.79 W, 0 %, 4 MiB
2025/12/02 20:53:27.435, 18.22 W, 0 %, 4 MiB
2025/12/02 20:53:27.436, 16.79 W, 0 %, 4 MiB
2025/12/02 20:53:27.537, 18.22 W, 0 %, 4 MiB
2025/12/02 20:53:27.537, 16.79 W, 0 %, 4 MiB
2025/12/02 20:53:27.638, 18.22 W, 0 %, 4 MiB
2025/12/02 20:53:27.639, 16.79 W, 0 %, 4 MiB
2025/12/02 20:53:27.740, 18.22 W, 0 %, 4 MiB
2025/12/02 20:53:27.741, 16.89 W, 0 %, 4 MiB
2025/12/02 20:53:27.844, 18.22 W, 0 %, 4 MiB
2025/12/02 20:53:27.845, 16.89 W, 0 %, 4 MiB
2025/12/02 20:53:27.946, 18.22 W, 0 %, 4 MiB
2025/12/02 20:53:27.949, 16.89 W, 0 %, 4 MiB
2025/12/02 20:53:28.050, 18.22 W, 0 %, 4 MiB
2025/12/02 20:53:28.051, 16.89 W, 0 %, 4 MiB
2025/12/02 20:53:28.152, 18.22 W, 0 %, 4 MiB
2025/12/02 20:53:28.153, 16.89 W, 0 %, 4 MiB
2025/12/02 20:53:28.253, 18.22 W, 0 %, 4 MiB
2025/12/02 20:53:28.254, 16.89 W, 0 %, 4 MiB
2025/12/02 20:53:28.355, 18.22 W, 0 %, 4 MiB
2025/12/02 20:53:28.356, 16.89 W, 0 %, 4 MiB
2025/12/02 20:53:28.457, 18.22 W, 0 %, 4 MiB
2025/12/02 20:53:28.458, 16.89 W, 0 %, 4 MiB
2025/12/02 20:53:28.558, 18.22 W, 0 %, 4 MiB
2025/12/02 20:53:28.559, 16.89 W, 0 %, 4 MiB
2025/12/02 20:53:28.660, 18.22 W, 0 %, 4 MiB
2025/12/02 20:53:28.661, 17.18 W, 0 %, 4 MiB
2025/12/02 20:53:28.764, 18.22 W, 0 %, 4 MiB
2025/12/02 20:53:28.765, 17.18 W, 0 %, 4 MiB
2025/12/02 20:53:28.866, 18.50 W, 0 %, 4 MiB
2025/12/02 20:53:28.888, 17.18 W, 0 %, 4 MiB
2025/12/02 20:53:28.989, 18.50 W, 0 %, 4 MiB
2025/12/02 20:53:28.990, 17.18 W, 0 %, 4 MiB
2025/12/02 20:53:29.091, 18.50 W, 0 %, 4 MiB
2025/12/02 20:53:29.091, 17.18 W, 0 %, 4 MiB
2025/12/02 20:53:29.192, 18.50 W, 0 %, 4 MiB
2025/12/02 20:53:29.193, 17.18 W, 0 %, 4 MiB
2025/12/02 20:53:29.294, 18.50 W, 0 %, 4 MiB
2025/12/02 20:53:29.295, 17.18 W, 0 %, 4 MiB
2025/12/02 20:53:29.396, 18.50 W, 0 %, 4 MiB
2025/12/02 20:53:29.397, 17.18 W, 0 %, 4 MiB
2025/12/02 20:53:29.498, 18.50 W, 0 %, 4 MiB
2025/12/02 20:53:29.499, 17.18 W, 0 %, 4 MiB
2025/12/02 20:53:29.600, 18.50 W, 0 %, 4 MiB
2025/12/02 20:53:29.601, 17.18 W, 0 %, 4 MiB
2025/12/02 20:53:29.701, 18.50 W, 0 %, 4 MiB
2025/12/02 20:53:29.702, 16.89 W, 0 %, 4 MiB
2025/12/02 20:53:29.805, 18.50 W, 0 %, 4 MiB
2025/12/02 20:53:29.806, 16.89 W, 0 %, 4 MiB
2025/12/02 20:53:29.907, 18.22 W, 0 %, 4 MiB
2025/12/02 20:53:29.910, 16.89 W, 0 %, 4 MiB
2025/12/02 20:53:30.011, 18.22 W, 0 %, 4 MiB
2025/12/02 20:53:30.012, 16.89 W, 0 %, 4 MiB
2025/12/02 20:53:30.113, 18.22 W, 0 %, 4 MiB
2025/12/02 20:53:30.114, 16.89 W, 0 %, 4 MiB
2025/12/02 20:53:30.214, 18.22 W, 0 %, 4 MiB
2025/12/02 20:53:30.215, 16.89 W, 0 %, 4 MiB
2025/12/02 20:53:30.316, 18.22 W, 0 %, 4 MiB
2025/12/02 20:53:30.317, 16.89 W, 0 %, 4 MiB
2025/12/02 20:53:30.418, 18.22 W, 0 %, 4 MiB
2025/12/02 20:53:30.419, 16.89 W, 0 %, 4 MiB
2025/12/02 20:53:30.520, 18.22 W, 0 %, 4 MiB
2025/12/02 20:53:30.521, 16.89 W, 0 %, 4 MiB
2025/12/02 20:53:30.622, 18.22 W, 0 %, 4 MiB
2025/12/02 20:53:30.623, 16.89 W, 0 %, 4 MiB
2025/12/02 20:53:30.724, 18.22 W, 0 %, 4 MiB
2025/12/02 20:53:30.725, 16.79 W, 0 %, 4 MiB
2025/12/02 20:53:30.828, 18.22 W, 0 %, 4 MiB
2025/12/02 20:53:30.829, 16.79 W, 0 %, 4 MiB
2025/12/02 20:53:30.930, 18.22 W, 0 %, 4 MiB
2025/12/02 20:53:30.933, 16.79 W, 0 %, 4 MiB
2025/12/02 20:53:31.034, 18.22 W, 0 %, 4 MiB
2025/12/02 20:53:31.035, 16.79 W, 0 %, 4 MiB
2025/12/02 20:53:31.135, 18.22 W, 0 %, 4 MiB
2025/12/02 20:53:31.137, 16.79 W, 0 %, 4 MiB
2025/12/02 20:53:31.238, 18.22 W, 0 %, 4 MiB
2025/12/02 20:53:31.238, 16.79 W, 0 %, 4 MiB
2025/12/02 20:53:31.339, 18.22 W, 0 %, 4 MiB
2025/12/02 20:53:31.340, 16.79 W, 0 %, 4 MiB
2025/12/02 20:53:31.441, 18.22 W, 0 %, 4 MiB
2025/12/02 20:53:31.442, 16.79 W, 0 %, 4 MiB
2025/12/02 20:53:31.543, 18.22 W, 0 %, 4 MiB
2025/12/02 20:53:31.544, 16.79 W, 0 %, 4 MiB
2025/12/02 20:53:31.644, 18.22 W, 0 %, 4 MiB
2025/12/02 20:53:31.646, 16.79 W, 0 %, 4 MiB
2025/12/02 20:53:31.747, 18.22 W, 0 %, 4 MiB
2025/12/02 20:53:31.747, 16.79 W, 0 %, 4 MiB
2025/12/02 20:53:31.851, 18.22 W, 0 %, 4 MiB
2025/12/02 20:53:31.852, 16.79 W, 0 %, 4 MiB
2025/12/02 20:53:31.952, 18.12 W, 0 %, 4 MiB
2025/12/02 20:53:31.956, 16.79 W, 0 %, 4 MiB
2025/12/02 20:53:32.056, 18.12 W, 0 %, 4 MiB
2025/12/02 20:53:32.057, 16.79 W, 0 %, 4 MiB
2025/12/02 20:53:32.158, 18.12 W, 0 %, 4 MiB
2025/12/02 20:53:32.159, 16.79 W, 0 %, 4 MiB
2025/12/02 20:53:32.260, 18.12 W, 0 %, 4 MiB
2025/12/02 20:53:32.261, 16.79 W, 0 %, 4 MiB
2025/12/02 20:53:32.362, 18.12 W, 0 %, 4 MiB
2025/12/02 20:53:32.363, 16.79 W, 0 %, 4 MiB
2025/12/02 20:53:32.464, 18.12 W, 0 %, 4 MiB
2025/12/02 20:53:32.464, 16.79 W, 0 %, 4 MiB
2025/12/02 20:53:32.565, 18.12 W, 0 %, 4 MiB
2025/12/02 20:53:32.566, 16.79 W, 0 %, 4 MiB
2025/12/02 20:53:32.667, 18.12 W, 0 %, 4 MiB
2025/12/02 20:53:32.668, 16.79 W, 0 %, 4 MiB
2025/12/02 20:53:32.769, 18.12 W, 0 %, 4 MiB
2025/12/02 20:53:32.770, 16.69 W, 0 %, 4 MiB
2025/12/02 20:53:32.873, 18.12 W, 0 %, 4 MiB
2025/12/02 20:53:32.874, 16.69 W, 0 %, 4 MiB
2025/12/02 20:53:32.975, 18.31 W, 0 %, 4 MiB
2025/12/02 20:53:32.978, 16.69 W, 0 %, 4 MiB
2025/12/02 20:53:33.080, 18.31 W, 0 %, 4 MiB
2025/12/02 20:53:33.080, 16.69 W, 0 %, 4 MiB
2025/12/02 20:53:33.181, 18.31 W, 0 %, 4 MiB
2025/12/02 20:53:33.182, 16.69 W, 0 %, 4 MiB
2025/12/02 20:53:33.283, 18.31 W, 0 %, 4 MiB
2025/12/02 20:53:33.284, 16.69 W, 0 %, 4 MiB
2025/12/02 20:53:33.385, 18.31 W, 0 %, 4 MiB
2025/12/02 20:53:33.386, 16.69 W, 0 %, 4 MiB
2025/12/02 20:53:33.486, 18.31 W, 0 %, 4 MiB
2025/12/02 20:53:33.518, 16.69 W, 0 %, 7 MiB
2025/12/02 20:53:33.619, 18.31 W, 0 %, 7 MiB
2025/12/02 20:53:33.629, 16.69 W, 0 %, 7 MiB
2025/12/02 20:53:33.730, 41.70 W, 0 %, 260 MiB
2025/12/02 20:53:33.732, 44.37 W, 0 %, 260 MiB
2025/12/02 20:53:33.835, 59.05 W, 5 %, 260 MiB
2025/12/02 20:53:33.837, 59.38 W, 5 %, 260 MiB
2025/12/02 20:53:33.939, 65.68 W, 8 %, 293 MiB
2025/12/02 20:53:33.942, 64.84 W, 1 %, 260 MiB
2025/12/02 20:53:34.044, 68.00 W, 8 %, 297 MiB
2025/12/02 20:53:34.046, 66.72 W, 1 %, 260 MiB
2025/12/02 20:53:34.148, 68.85 W, 4 %, 298 MiB
2025/12/02 20:53:34.151, 67.63 W, 0 %, 263 MiB
2025/12/02 20:53:34.253, 69.14 W, 1 %, 299 MiB
2025/12/02 20:53:34.255, 67.82 W, 3 %, 263 MiB
2025/12/02 20:53:34.358, 69.24 W, 1 %, 299 MiB
2025/12/02 20:53:34.360, 68.32 W, 3 %, 296 MiB
2025/12/02 20:53:34.462, 69.42 W, 1 %, 300 MiB
2025/12/02 20:53:34.465, 68.13 W, 10 %, 299 MiB
2025/12/02 20:53:34.567, 69.42 W, 1 %, 300 MiB
2025/12/02 20:53:34.569, 68.13 W, 10 %, 300 MiB
2025/12/02 20:53:34.671, 69.42 W, 1 %, 300 MiB
2025/12/02 20:53:34.673, 68.13 W, 1 %, 300 MiB
2025/12/02 20:53:34.776, 69.42 W, 2 %, 301 MiB
2025/12/02 20:53:34.778, 68.13 W, 1 %, 301 MiB
2025/12/02 20:53:34.880, 69.61 W, 2 %, 301 MiB
2025/12/02 20:53:34.882, 68.40 W, 1 %, 301 MiB
2025/12/02 20:53:34.985, 69.89 W, 8 %, 443 MiB
2025/12/02 20:53:34.987, 68.40 W, 12 %, 419 MiB
2025/12/02 20:53:35.089, 69.89 W, 14 %, 607 MiB
2025/12/02 20:53:35.091, 68.59 W, 16 %, 595 MiB
2025/12/02 20:53:35.194, 69.89 W, 14 %, 779 MiB
2025/12/02 20:53:35.196, 68.59 W, 16 %, 727 MiB
2025/12/02 20:53:35.298, 69.89 W, 14 %, 943 MiB
2025/12/02 20:53:35.306, 68.49 W, 14 %, 835 MiB
2025/12/02 20:53:35.408, 69.97 W, 14 %, 1107 MiB
2025/12/02 20:53:35.411, 68.47 W, 13 %, 967 MiB
2025/12/02 20:53:35.513, 69.97 W, 14 %, 1283 MiB
2025/12/02 20:53:35.515, 68.56 W, 13 %, 1151 MiB
2025/12/02 20:53:35.617, 69.89 W, 10 %, 1295 MiB
2025/12/02 20:53:35.619, 68.49 W, 17 %, 1284 MiB
2025/12/02 20:53:35.722, 69.61 W, 10 %, 1300 MiB
2025/12/02 20:53:35.724, 68.30 W, 17 %, 1300 MiB
2025/12/02 20:53:35.829, 79.61 W, 2 %, 3554 MiB
2025/12/02 20:53:35.831, 77.58 W, 4 %, 3554 MiB
2025/12/02 20:53:35.933, 78.60 W, 86 %, 3559 MiB
2025/12/02 20:53:35.935, 76.74 W, 87 %, 3559 MiB
2025/12/02 20:53:36.038, 76.34 W, 86 %, 3573 MiB
2025/12/02 20:53:36.041, 74.59 W, 87 %, 3573 MiB
2025/12/02 20:53:36.143, 75.39 W, 11 %, 3587 MiB
2025/12/02 20:53:36.145, 73.92 W, 11 %, 3588 MiB
2025/12/02 20:53:36.247, 75.02 W, 10 %, 3603 MiB
2025/12/02 20:53:36.249, 73.63 W, 10 %, 3602 MiB
2025/12/02 20:53:36.352, 75.02 W, 10 %, 3617 MiB
2025/12/02 20:53:36.354, 73.44 W, 10 %, 3618 MiB
2025/12/02 20:53:36.456, 75.02 W, 11 %, 3631 MiB
2025/12/02 20:53:36.458, 73.44 W, 11 %, 3633 MiB
2025/12/02 20:53:36.561, 100.44 W, 11 %, 3655 MiB
2025/12/02 20:53:36.563, 101.71 W, 11 %, 3655 MiB
2025/12/02 20:53:36.665, 185.72 W, 30 %, 3655 MiB
2025/12/02 20:53:36.668, 186.90 W, 28 %, 3655 MiB
2025/12/02 20:53:36.770, 224.26 W, 100 %, 3655 MiB
2025/12/02 20:53:36.772, 225.32 W, 100 %, 3655 MiB
2025/12/02 20:53:36.874, 266.25 W, 100 %, 5627 MiB
2025/12/02 20:53:36.876, 258.58 W, 100 %, 5627 MiB
2025/12/02 20:53:36.978, 263.82 W, 100 %, 5627 MiB
2025/12/02 20:53:36.981, 256.11 W, 100 %, 5627 MiB
2025/12/02 20:53:37.083, 248.38 W, 100 %, 5627 MiB
2025/12/02 20:53:37.085, 247.13 W, 100 %, 5627 MiB
2025/12/02 20:53:37.187, 239.75 W, 100 %, 5627 MiB
2025/12/02 20:53:37.189, 240.44 W, 100 %, 5627 MiB
2025/12/02 20:53:37.292, 239.63 W, 100 %, 5627 MiB
2025/12/02 20:53:37.294, 239.73 W, 100 %, 5627 MiB
2025/12/02 20:53:37.396, 242.12 W, 100 %, 5627 MiB
2025/12/02 20:53:37.398, 240.20 W, 100 %, 5627 MiB
2025/12/02 20:53:37.501, 244.45 W, 100 %, 5627 MiB
2025/12/02 20:53:37.505, 246.52 W, 100 %, 5627 MiB
2025/12/02 20:53:37.607, 243.53 W, 100 %, 5627 MiB
2025/12/02 20:53:37.609, 248.68 W, 100 %, 5627 MiB
2025/12/02 20:53:37.711, 244.61 W, 100 %, 5627 MiB
2025/12/02 20:53:37.713, 250.98 W, 100 %, 5627 MiB
2025/12/02 20:53:37.815, 245.13 W, 100 %, 5627 MiB
2025/12/02 20:53:37.818, 250.90 W, 100 %, 5627 MiB
2025/12/02 20:53:37.920, 152.97 W, 100 %, 5627 MiB
2025/12/02 20:53:37.923, 160.90 W, 100 %, 5627 MiB
2025/12/02 20:53:38.025, 120.69 W, 100 %, 5627 MiB
2025/12/02 20:53:38.028, 117.48 W, 100 %, 5627 MiB
2025/12/02 20:53:38.130, 125.76 W, 100 %, 5627 MiB
2025/12/02 20:53:38.132, 120.52 W, 100 %, 5627 MiB
2025/12/02 20:53:38.235, 143.76 W, 100 %, 6617 MiB
2025/12/02 20:53:38.237, 137.34 W, 100 %, 6617 MiB
2025/12/02 20:53:38.339, 195.90 W, 84 %, 6617 MiB
2025/12/02 20:53:38.341, 196.80 W, 84 %, 6617 MiB
2025/12/02 20:53:38.444, 258.12 W, 86 %, 6617 MiB
2025/12/02 20:53:38.446, 250.18 W, 94 %, 6617 MiB
2025/12/02 20:53:38.548, 268.61 W, 86 %, 6617 MiB
2025/12/02 20:53:38.550, 265.31 W, 94 %, 6617 MiB
2025/12/02 20:53:38.652, 239.48 W, 100 %, 7009 MiB
2025/12/02 20:53:38.654, 241.11 W, 100 %, 7009 MiB
2025/12/02 20:53:38.757, 231.82 W, 100 %, 7009 MiB
2025/12/02 20:53:38.759, 238.28 W, 100 %, 7009 MiB
2025/12/02 20:53:38.861, 224.60 W, 100 %, 7009 MiB
2025/12/02 20:53:38.863, 225.83 W, 100 %, 7009 MiB
2025/12/02 20:53:38.966, 228.33 W, 100 %, 7009 MiB
2025/12/02 20:53:38.968, 233.37 W, 100 %, 7009 MiB
2025/12/02 20:53:39.070, 230.97 W, 100 %, 7009 MiB
2025/12/02 20:53:39.098, 236.75 W, 100 %, 7009 MiB
2025/12/02 20:53:39.201, 247.35 W, 100 %, 7009 MiB
2025/12/02 20:53:39.205, 246.25 W, 100 %, 7009 MiB
2025/12/02 20:53:39.307, 249.88 W, 100 %, 7009 MiB
2025/12/02 20:53:39.309, 248.31 W, 100 %, 7009 MiB
2025/12/02 20:53:39.411, 248.05 W, 100 %, 7009 MiB
2025/12/02 20:53:39.414, 244.10 W, 100 %, 7009 MiB
2025/12/02 20:53:39.516, 244.73 W, 100 %, 7009 MiB
2025/12/02 20:53:39.518, 240.05 W, 100 %, 7009 MiB
2025/12/02 20:53:39.620, 242.12 W, 100 %, 7009 MiB
2025/12/02 20:53:39.623, 239.66 W, 100 %, 7009 MiB
2025/12/02 20:53:39.725, 180.19 W, 100 %, 7009 MiB
2025/12/02 20:53:39.727, 175.18 W, 100 %, 7009 MiB
2025/12/02 20:53:39.829, 189.74 W, 99 %, 7009 MiB
2025/12/02 20:53:39.831, 185.80 W, 99 %, 7009 MiB
2025/12/02 20:53:39.934, 256.06 W, 99 %, 7009 MiB
2025/12/02 20:53:39.936, 251.99 W, 99 %, 7009 MiB
2025/12/02 20:53:40.040, 272.08 W, 99 %, 7009 MiB
2025/12/02 20:53:40.043, 264.88 W, 99 %, 7009 MiB
2025/12/02 20:53:40.145, 260.42 W, 100 %, 7009 MiB
2025/12/02 20:53:40.147, 260.59 W, 100 %, 7009 MiB
2025/12/02 20:53:40.249, 239.47 W, 100 %, 7009 MiB
2025/12/02 20:53:40.251, 237.77 W, 100 %, 7009 MiB
2025/12/02 20:53:40.356, 227.85 W, 100 %, 7009 MiB
2025/12/02 20:53:40.358, 223.04 W, 100 %, 7009 MiB
2025/12/02 20:53:40.460, 233.27 W, 100 %, 7009 MiB
2025/12/02 20:53:40.463, 226.81 W, 100 %, 7009 MiB
2025/12/02 20:53:40.565, 242.82 W, 100 %, 7009 MiB
2025/12/02 20:53:40.567, 233.00 W, 100 %, 7009 MiB
2025/12/02 20:53:40.670, 244.77 W, 100 %, 7009 MiB
2025/12/02 20:53:40.672, 241.05 W, 100 %, 7009 MiB
2025/12/02 20:53:40.774, 246.82 W, 100 %, 7009 MiB
2025/12/02 20:53:40.777, 247.20 W, 100 %, 7009 MiB
2025/12/02 20:53:40.879, 248.40 W, 100 %, 7009 MiB
2025/12/02 20:53:40.881, 251.11 W, 100 %, 7009 MiB
2025/12/02 20:53:40.983, 245.49 W, 100 %, 7009 MiB
2025/12/02 20:53:40.986, 250.68 W, 100 %, 7009 MiB
2025/12/02 20:53:41.088, 240.51 W, 100 %, 7009 MiB
2025/12/02 20:53:41.090, 243.17 W, 100 %, 7009 MiB
2025/12/02 20:53:41.193, 219.81 W, 100 %, 7009 MiB
2025/12/02 20:53:41.195, 217.39 W, 100 %, 7009 MiB
2025/12/02 20:53:41.297, 184.63 W, 99 %, 7009 MiB
2025/12/02 20:53:41.299, 180.36 W, 99 %, 7009 MiB
2025/12/02 20:53:41.402, 233.32 W, 99 %, 7009 MiB
2025/12/02 20:53:41.405, 226.45 W, 99 %, 7009 MiB
2025/12/02 20:53:41.508, 271.47 W, 99 %, 7009 MiB
2025/12/02 20:53:41.510, 262.67 W, 99 %, 7009 MiB
2025/12/02 20:53:41.612, 267.54 W, 100 %, 7009 MiB
2025/12/02 20:53:41.614, 265.58 W, 100 %, 7009 MiB
2025/12/02 20:53:41.716, 240.84 W, 100 %, 7009 MiB
2025/12/02 20:53:41.719, 239.23 W, 100 %, 7009 MiB
2025/12/02 20:53:41.821, 238.33 W, 100 %, 7009 MiB
2025/12/02 20:53:41.823, 237.02 W, 100 %, 7009 MiB
2025/12/02 20:53:41.925, 224.27 W, 100 %, 7009 MiB
2025/12/02 20:53:41.928, 225.83 W, 100 %, 7009 MiB
2025/12/02 20:53:42.031, 232.55 W, 100 %, 7009 MiB
2025/12/02 20:53:42.034, 231.37 W, 100 %, 7009 MiB
2025/12/02 20:53:42.136, 242.18 W, 100 %, 7009 MiB
2025/12/02 20:53:42.138, 241.04 W, 100 %, 7009 MiB
2025/12/02 20:53:42.241, 246.97 W, 100 %, 7009 MiB
2025/12/02 20:53:42.243, 247.48 W, 100 %, 7009 MiB
2025/12/02 20:53:42.346, 249.28 W, 100 %, 7009 MiB
2025/12/02 20:53:42.348, 246.82 W, 100 %, 7009 MiB
2025/12/02 20:53:42.450, 248.30 W, 100 %, 7009 MiB
2025/12/02 20:53:42.452, 244.10 W, 100 %, 7009 MiB
2025/12/02 20:53:42.554, 249.71 W, 100 %, 7009 MiB
2025/12/02 20:53:42.557, 245.88 W, 100 %, 7009 MiB
2025/12/02 20:53:42.659, 249.02 W, 100 %, 7009 MiB
2025/12/02 20:53:42.661, 245.56 W, 100 %, 7009 MiB
2025/12/02 20:53:42.763, 190.03 W, 99 %, 7009 MiB
2025/12/02 20:53:42.766, 188.88 W, 99 %, 7009 MiB
2025/12/02 20:53:42.868, 188.51 W, 99 %, 7009 MiB
2025/12/02 20:53:42.870, 186.69 W, 99 %, 7009 MiB
2025/12/02 20:53:42.972, 258.29 W, 99 %, 7009 MiB
2025/12/02 20:53:42.975, 252.38 W, 99 %, 7009 MiB
2025/12/02 20:53:43.077, 268.18 W, 99 %, 7009 MiB
2025/12/02 20:53:43.079, 265.75 W, 99 %, 7009 MiB
2025/12/02 20:53:43.181, 259.39 W, 100 %, 7009 MiB
2025/12/02 20:53:43.183, 260.36 W, 100 %, 7009 MiB
2025/12/02 20:53:43.286, 239.23 W, 100 %, 7009 MiB
2025/12/02 20:53:43.288, 242.70 W, 100 %, 7009 MiB
2025/12/02 20:53:43.390, 224.15 W, 100 %, 7009 MiB
2025/12/02 20:53:43.392, 233.55 W, 100 %, 7009 MiB
2025/12/02 20:53:43.495, 227.38 W, 100 %, 7009 MiB
2025/12/02 20:53:43.497, 234.31 W, 100 %, 7009 MiB
2025/12/02 20:53:43.599, 228.49 W, 100 %, 7009 MiB
2025/12/02 20:53:43.601, 231.84 W, 100 %, 7009 MiB
2025/12/02 20:53:43.703, 244.04 W, 100 %, 7009 MiB
2025/12/02 20:53:43.706, 239.81 W, 100 %, 7009 MiB
2025/12/02 20:53:43.808, 252.46 W, 100 %, 7009 MiB
2025/12/02 20:53:43.810, 244.59 W, 100 %, 7009 MiB
2025/12/02 20:53:43.913, 251.66 W, 100 %, 7009 MiB
2025/12/02 20:53:43.915, 247.35 W, 100 %, 7009 MiB
2025/12/02 20:53:44.017, 247.34 W, 100 %, 7009 MiB
2025/12/02 20:53:44.019, 245.43 W, 100 %, 7009 MiB
2025/12/02 20:53:44.121, 246.34 W, 100 %, 7009 MiB
2025/12/02 20:53:44.124, 242.04 W, 100 %, 7009 MiB
2025/12/02 20:53:44.226, 217.40 W, 100 %, 7009 MiB
2025/12/02 20:53:44.228, 217.12 W, 100 %, 7009 MiB
2025/12/02 20:53:44.330, 181.16 W, 99 %, 7009 MiB
2025/12/02 20:53:44.333, 181.86 W, 99 %, 7009 MiB
2025/12/02 20:53:44.435, 224.93 W, 99 %, 7009 MiB
2025/12/02 20:53:44.437, 229.09 W, 99 %, 7009 MiB
2025/12/02 20:53:44.542, 266.09 W, 99 %, 7009 MiB
2025/12/02 20:53:44.544, 263.41 W, 99 %, 7009 MiB
2025/12/02 20:53:44.646, 264.98 W, 100 %, 7009 MiB
2025/12/02 20:53:44.648, 266.13 W, 100 %, 7009 MiB
2025/12/02 20:53:44.750, 238.75 W, 100 %, 7009 MiB
2025/12/02 20:53:44.753, 238.85 W, 100 %, 7009 MiB
2025/12/02 20:53:44.855, 232.29 W, 100 %, 7009 MiB
2025/12/02 20:53:44.857, 241.26 W, 100 %, 7009 MiB
2025/12/02 20:53:44.959, 221.32 W, 100 %, 7009 MiB
2025/12/02 20:53:44.961, 231.59 W, 100 %, 7009 MiB
2025/12/02 20:53:45.064, 228.00 W, 100 %, 7009 MiB
2025/12/02 20:53:45.066, 233.75 W, 100 %, 7009 MiB
2025/12/02 20:53:45.168, 238.59 W, 100 %, 7009 MiB
2025/12/02 20:53:45.170, 244.80 W, 100 %, 7009 MiB
2025/12/02 20:53:45.272, 244.10 W, 100 %, 7009 MiB
2025/12/02 20:53:45.275, 246.74 W, 100 %, 7009 MiB
2025/12/02 20:53:45.377, 245.40 W, 100 %, 7009 MiB
2025/12/02 20:53:45.379, 242.99 W, 100 %, 7009 MiB
2025/12/02 20:53:45.482, 247.18 W, 100 %, 7009 MiB
2025/12/02 20:53:45.484, 244.86 W, 100 %, 7009 MiB
2025/12/02 20:53:45.586, 250.80 W, 100 %, 7009 MiB
2025/12/02 20:53:45.588, 246.73 W, 100 %, 7009 MiB
2025/12/02 20:53:45.691, 251.33 W, 100 %, 7009 MiB
2025/12/02 20:53:45.693, 248.52 W, 100 %, 7009 MiB
2025/12/02 20:53:45.795, 191.16 W, 99 %, 7009 MiB
2025/12/02 20:53:45.797, 189.61 W, 99 %, 7009 MiB
2025/12/02 20:53:45.899, 186.25 W, 99 %, 7009 MiB
2025/12/02 20:53:45.902, 193.19 W, 99 %, 7009 MiB
2025/12/02 20:53:46.004, 255.17 W, 99 %, 7009 MiB
2025/12/02 20:53:46.007, 255.06 W, 99 %, 7009 MiB
2025/12/02 20:53:46.110, 274.80 W, 100 %, 7009 MiB
2025/12/02 20:53:46.113, 267.27 W, 100 %, 7009 MiB
2025/12/02 20:53:46.215, 265.66 W, 100 %, 7009 MiB
2025/12/02 20:53:46.217, 259.88 W, 100 %, 7009 MiB
2025/12/02 20:53:46.319, 242.85 W, 100 %, 7009 MiB
2025/12/02 20:53:46.321, 241.26 W, 100 %, 7009 MiB
2025/12/02 20:53:46.424, 223.39 W, 100 %, 7009 MiB
2025/12/02 20:53:46.426, 225.23 W, 100 %, 7009 MiB
2025/12/02 20:53:46.528, 226.19 W, 100 %, 7009 MiB
2025/12/02 20:53:46.530, 225.42 W, 100 %, 7009 MiB
2025/12/02 20:53:46.632, 226.09 W, 100 %, 7009 MiB
2025/12/02 20:53:46.635, 226.26 W, 100 %, 7009 MiB
2025/12/02 20:53:46.737, 238.33 W, 100 %, 7009 MiB
2025/12/02 20:53:46.739, 236.14 W, 100 %, 7009 MiB
2025/12/02 20:53:46.842, 254.55 W, 100 %, 7009 MiB
2025/12/02 20:53:46.845, 247.24 W, 100 %, 7009 MiB
2025/12/02 20:53:46.947, 257.36 W, 100 %, 7009 MiB
2025/12/02 20:53:46.949, 248.35 W, 100 %, 7009 MiB
2025/12/02 20:53:47.051, 247.19 W, 100 %, 7009 MiB
2025/12/02 20:53:47.054, 246.17 W, 100 %, 7009 MiB
2025/12/02 20:53:47.156, 243.80 W, 100 %, 7009 MiB
2025/12/02 20:53:47.158, 243.91 W, 100 %, 7009 MiB
2025/12/02 20:53:47.260, 226.41 W, 100 %, 7009 MiB
2025/12/02 20:53:47.262, 233.33 W, 100 %, 7009 MiB
2025/12/02 20:53:47.365, 180.63 W, 100 %, 7009 MiB
2025/12/02 20:53:47.367, 181.96 W, 100 %, 7009 MiB
2025/12/02 20:53:47.469, 216.05 W, 98 %, 7009 MiB
2025/12/02 20:53:47.471, 211.96 W, 98 %, 7009 MiB
2025/12/02 20:53:47.573, 270.77 W, 98 %, 7009 MiB
2025/12/02 20:53:47.576, 260.46 W, 98 %, 7009 MiB
2025/12/02 20:53:47.678, 270.53 W, 100 %, 7009 MiB
2025/12/02 20:53:47.680, 269.42 W, 100 %, 7009 MiB
2025/12/02 20:53:47.783, 242.34 W, 100 %, 7009 MiB
2025/12/02 20:53:47.785, 242.38 W, 100 %, 7009 MiB
2025/12/02 20:53:47.887, 234.86 W, 100 %, 7009 MiB
2025/12/02 20:53:47.890, 231.85 W, 100 %, 7009 MiB
2025/12/02 20:53:47.992, 227.28 W, 100 %, 7009 MiB
2025/12/02 20:53:47.994, 222.48 W, 100 %, 7009 MiB
2025/12/02 20:53:48.096, 227.78 W, 100 %, 7009 MiB
2025/12/02 20:53:48.099, 215.77 W, 100 %, 7009 MiB
2025/12/02 20:53:48.201, 234.76 W, 100 %, 7009 MiB
2025/12/02 20:53:48.203, 232.56 W, 100 %, 7009 MiB
2025/12/02 20:53:48.305, 244.71 W, 100 %, 7009 MiB
2025/12/02 20:53:48.308, 243.44 W, 100 %, 7009 MiB
2025/12/02 20:53:48.410, 245.17 W, 100 %, 7009 MiB
2025/12/02 20:53:48.412, 249.66 W, 100 %, 7009 MiB
2025/12/02 20:53:48.515, 245.04 W, 100 %, 7009 MiB
2025/12/02 20:53:48.517, 247.96 W, 100 %, 7009 MiB
2025/12/02 20:53:48.619, 248.22 W, 100 %, 7009 MiB
2025/12/02 20:53:48.621, 248.47 W, 100 %, 7009 MiB
2025/12/02 20:53:48.723, 246.14 W, 100 %, 7009 MiB
2025/12/02 20:53:48.726, 243.89 W, 100 %, 7009 MiB
2025/12/02 20:53:48.828, 217.43 W, 100 %, 7009 MiB
2025/12/02 20:53:48.830, 203.03 W, 100 %, 7009 MiB
2025/12/02 20:53:48.933, 182.33 W, 100 %, 7009 MiB
2025/12/02 20:53:48.935, 172.81 W, 100 %, 7009 MiB
2025/12/02 20:53:49.038, 228.09 W, 99 %, 7009 MiB
2025/12/02 20:53:49.040, 221.79 W, 99 %, 7009 MiB
2025/12/02 20:53:49.143, 269.31 W, 99 %, 7009 MiB
2025/12/02 20:53:49.145, 262.27 W, 99 %, 7009 MiB
2025/12/02 20:53:49.247, 269.76 W, 99 %, 7009 MiB
2025/12/02 20:53:49.249, 262.47 W, 99 %, 7009 MiB
2025/12/02 20:53:49.352, 238.65 W, 100 %, 7009 MiB
2025/12/02 20:53:49.354, 235.28 W, 100 %, 7009 MiB
2025/12/02 20:53:49.456, 227.35 W, 100 %, 7009 MiB
2025/12/02 20:53:49.458, 232.36 W, 100 %, 7009 MiB
2025/12/02 20:53:49.561, 217.69 W, 100 %, 7009 MiB
2025/12/02 20:53:49.563, 222.70 W, 100 %, 7009 MiB
2025/12/02 20:53:49.665, 225.84 W, 100 %, 7009 MiB
2025/12/02 20:53:49.667, 229.19 W, 100 %, 7009 MiB
2025/12/02 20:53:49.770, 236.30 W, 100 %, 7009 MiB
2025/12/02 20:53:49.772, 235.81 W, 100 %, 7009 MiB
2025/12/02 20:53:49.877, 250.57 W, 100 %, 7009 MiB
2025/12/02 20:53:49.879, 246.02 W, 100 %, 7009 MiB
2025/12/02 20:53:49.981, 253.64 W, 100 %, 7009 MiB
2025/12/02 20:53:49.983, 249.65 W, 100 %, 7009 MiB
2025/12/02 20:53:50.086, 248.90 W, 100 %, 7009 MiB
2025/12/02 20:53:50.088, 244.76 W, 100 %, 7009 MiB
2025/12/02 20:53:50.190, 247.65 W, 100 %, 7009 MiB
2025/12/02 20:53:50.193, 241.65 W, 100 %, 7009 MiB
2025/12/02 20:53:50.295, 249.44 W, 100 %, 7009 MiB
2025/12/02 20:53:50.297, 247.10 W, 100 %, 7009 MiB
2025/12/02 20:53:50.400, 200.89 W, 100 %, 7009 MiB
2025/12/02 20:53:50.402, 198.21 W, 100 %, 7009 MiB
2025/12/02 20:53:50.504, 185.06 W, 99 %, 7009 MiB
2025/12/02 20:53:50.507, 181.38 W, 99 %, 7009 MiB
2025/12/02 20:53:50.609, 246.47 W, 99 %, 7009 MiB
2025/12/02 20:53:50.611, 242.02 W, 99 %, 7009 MiB
2025/12/02 20:53:50.714, 277.75 W, 99 %, 7009 MiB
2025/12/02 20:53:50.716, 266.33 W, 99 %, 7009 MiB
2025/12/02 20:53:50.818, 268.14 W, 100 %, 7009 MiB
2025/12/02 20:53:50.820, 264.82 W, 100 %, 7009 MiB
2025/12/02 20:53:50.923, 238.94 W, 100 %, 7009 MiB
2025/12/02 20:53:50.925, 238.49 W, 100 %, 7009 MiB
2025/12/02 20:53:51.027, 229.99 W, 100 %, 7009 MiB
2025/12/02 20:53:51.030, 228.21 W, 100 %, 7009 MiB
2025/12/02 20:53:51.132, 227.28 W, 100 %, 7009 MiB
2025/12/02 20:53:51.134, 227.27 W, 100 %, 7009 MiB
2025/12/02 20:53:51.237, 228.88 W, 100 %, 7009 MiB
2025/12/02 20:53:51.239, 229.73 W, 100 %, 7009 MiB
2025/12/02 20:53:51.343, 240.89 W, 100 %, 7009 MiB
2025/12/02 20:53:51.345, 241.07 W, 100 %, 7009 MiB
2025/12/02 20:53:51.448, 248.74 W, 100 %, 7009 MiB
2025/12/02 20:53:51.450, 250.39 W, 100 %, 7009 MiB
2025/12/02 20:53:51.576, 251.62 W, 100 %, 7009 MiB
2025/12/02 20:53:51.578, 248.01 W, 100 %, 7009 MiB
2025/12/02 20:53:51.681, 252.64 W, 100 %, 7009 MiB
2025/12/02 20:53:51.683, 245.85 W, 100 %, 7009 MiB
2025/12/02 20:53:51.785, 246.00 W, 100 %, 7009 MiB
2025/12/02 20:53:51.787, 241.16 W, 100 %, 7009 MiB
2025/12/02 20:53:51.890, 239.19 W, 100 %, 7009 MiB
2025/12/02 20:53:51.892, 238.13 W, 100 %, 7009 MiB
2025/12/02 20:53:51.994, 181.87 W, 100 %, 7009 MiB
2025/12/02 20:53:51.997, 178.42 W, 100 %, 7009 MiB
2025/12/02 20:53:52.099, 199.66 W, 100 %, 7009 MiB
2025/12/02 20:53:52.101, 199.70 W, 100 %, 7009 MiB
2025/12/02 20:53:52.203, 263.51 W, 98 %, 7009 MiB
2025/12/02 20:53:52.208, 259.37 W, 98 %, 7009 MiB
2025/12/02 20:53:52.311, 274.36 W, 100 %, 7009 MiB
2025/12/02 20:53:52.314, 266.82 W, 100 %, 7009 MiB
2025/12/02 20:53:52.416, 261.95 W, 100 %, 7009 MiB
2025/12/02 20:53:52.418, 257.68 W, 100 %, 7009 MiB
2025/12/02 20:53:52.520, 237.23 W, 100 %, 7009 MiB
2025/12/02 20:53:52.523, 247.44 W, 100 %, 7009 MiB
2025/12/02 20:53:52.625, 216.13 W, 100 %, 7009 MiB
2025/12/02 20:53:52.627, 232.03 W, 100 %, 7009 MiB
2025/12/02 20:53:52.729, 223.41 W, 100 %, 7009 MiB
2025/12/02 20:53:52.732, 230.62 W, 100 %, 7009 MiB
2025/12/02 20:53:52.834, 234.77 W, 100 %, 7009 MiB
2025/12/02 20:53:52.837, 242.44 W, 100 %, 7009 MiB
2025/12/02 20:53:52.939, 246.91 W, 100 %, 7009 MiB
2025/12/02 20:53:52.941, 249.00 W, 100 %, 7009 MiB
2025/12/02 20:53:53.044, 251.86 W, 100 %, 7009 MiB
2025/12/02 20:53:53.046, 251.11 W, 100 %, 7009 MiB
2025/12/02 20:53:53.149, 249.55 W, 100 %, 7009 MiB
2025/12/02 20:53:53.151, 248.67 W, 100 %, 7009 MiB
2025/12/02 20:53:53.253, 245.22 W, 100 %, 7009 MiB
2025/12/02 20:53:53.255, 245.89 W, 100 %, 7009 MiB
2025/12/02 20:53:53.357, 245.85 W, 100 %, 7009 MiB
2025/12/02 20:53:53.360, 240.55 W, 100 %, 7009 MiB
2025/12/02 20:53:53.462, 229.57 W, 100 %, 7009 MiB
2025/12/02 20:53:53.465, 220.09 W, 100 %, 7009 MiB
2025/12/02 20:53:53.567, 183.88 W, 100 %, 7009 MiB
2025/12/02 20:53:53.569, 179.55 W, 100 %, 7009 MiB
2025/12/02 20:53:53.671, 216.53 W, 99 %, 7009 MiB
2025/12/02 20:53:53.674, 220.79 W, 99 %, 7009 MiB
2025/12/02 20:53:53.776, 269.40 W, 99 %, 7009 MiB
2025/12/02 20:53:53.778, 260.58 W, 99 %, 7009 MiB
2025/12/02 20:53:53.880, 273.48 W, 96 %, 7009 MiB
2025/12/02 20:53:53.882, 265.10 W, 99 %, 7009 MiB
2025/12/02 20:53:53.985, 247.46 W, 100 %, 7009 MiB
2025/12/02 20:53:53.987, 241.02 W, 100 %, 7009 MiB
2025/12/02 20:53:54.089, 235.80 W, 100 %, 7009 MiB
2025/12/02 20:53:54.092, 231.38 W, 100 %, 7009 MiB
2025/12/02 20:53:54.194, 231.46 W, 100 %, 7009 MiB
2025/12/02 20:53:54.196, 224.45 W, 100 %, 7009 MiB
2025/12/02 20:53:54.299, 228.37 W, 100 %, 7009 MiB
2025/12/02 20:53:54.301, 219.12 W, 100 %, 7009 MiB
2025/12/02 20:53:54.404, 232.84 W, 100 %, 7009 MiB
2025/12/02 20:53:54.418, 227.95 W, 100 %, 7009 MiB
2025/12/02 20:53:54.521, 244.32 W, 100 %, 7009 MiB
2025/12/02 20:53:54.523, 242.64 W, 100 %, 7009 MiB
2025/12/02 20:53:54.625, 253.36 W, 100 %, 7009 MiB
2025/12/02 20:53:54.628, 253.97 W, 100 %, 7009 MiB
2025/12/02 20:53:54.730, 250.94 W, 100 %, 7009 MiB
2025/12/02 20:53:54.732, 249.89 W, 100 %, 7009 MiB
2025/12/02 20:53:54.834, 243.23 W, 100 %, 7009 MiB
2025/12/02 20:53:54.837, 239.31 W, 100 %, 7009 MiB
2025/12/02 20:53:54.939, 241.26 W, 100 %, 7009 MiB
2025/12/02 20:53:54.941, 239.05 W, 100 %, 7009 MiB
2025/12/02 20:53:55.044, 191.84 W, 100 %, 7009 MiB
2025/12/02 20:53:55.046, 188.81 W, 100 %, 7009 MiB
2025/12/02 20:53:55.148, 182.47 W, 99 %, 7009 MiB
2025/12/02 20:53:55.151, 175.75 W, 99 %, 7009 MiB
2025/12/02 20:53:55.253, 253.70 W, 99 %, 7009 MiB
2025/12/02 20:53:55.255, 243.21 W, 99 %, 7009 MiB
2025/12/02 20:53:55.357, 274.12 W, 99 %, 7009 MiB
2025/12/02 20:53:55.359, 267.19 W, 99 %, 7009 MiB
2025/12/02 20:53:55.462, 264.32 W, 100 %, 7009 MiB
2025/12/02 20:53:55.464, 260.96 W, 100 %, 7009 MiB
2025/12/02 20:53:55.566, 238.10 W, 100 %, 7009 MiB
2025/12/02 20:53:55.568, 237.84 W, 100 %, 7009 MiB
2025/12/02 20:53:55.671, 223.21 W, 100 %, 7009 MiB
2025/12/02 20:53:55.673, 228.29 W, 100 %, 7009 MiB
2025/12/02 20:53:55.775, 220.15 W, 100 %, 7009 MiB
2025/12/02 20:53:55.777, 226.81 W, 100 %, 7009 MiB
2025/12/02 20:53:55.879, 232.08 W, 100 %, 7009 MiB
2025/12/02 20:53:55.882, 233.85 W, 100 %, 7009 MiB
2025/12/02 20:53:55.984, 240.00 W, 100 %, 7009 MiB
2025/12/02 20:53:55.986, 234.97 W, 100 %, 7009 MiB
2025/12/02 20:53:56.088, 249.18 W, 100 %, 7009 MiB
2025/12/02 20:53:56.090, 243.30 W, 100 %, 7009 MiB
2025/12/02 20:53:56.193, 250.54 W, 100 %, 7009 MiB
2025/12/02 20:53:56.195, 246.45 W, 100 %, 7009 MiB
2025/12/02 20:53:56.297, 249.87 W, 100 %, 7009 MiB
2025/12/02 20:53:56.300, 242.98 W, 100 %, 7009 MiB
2025/12/02 20:53:56.402, 243.80 W, 100 %, 7009 MiB
2025/12/02 20:53:56.404, 245.32 W, 100 %, 7009 MiB
2025/12/02 20:53:56.506, 243.00 W, 100 %, 7009 MiB
2025/12/02 20:53:56.509, 247.49 W, 100 %, 7009 MiB
2025/12/02 20:53:56.611, 185.20 W, 100 %, 7009 MiB
2025/12/02 20:53:56.613, 189.08 W, 100 %, 7009 MiB
2025/12/02 20:53:56.715, 207.32 W, 99 %, 7009 MiB
2025/12/02 20:53:56.718, 205.15 W, 99 %, 7009 MiB
2025/12/02 20:53:56.820, 265.07 W, 99 %, 7009 MiB
2025/12/02 20:53:56.822, 258.77 W, 99 %, 7009 MiB
2025/12/02 20:53:56.924, 272.05 W, 99 %, 7009 MiB
2025/12/02 20:53:56.927, 267.94 W, 99 %, 7009 MiB
2025/12/02 20:53:57.029, 260.85 W, 100 %, 7009 MiB
2025/12/02 20:53:57.031, 259.56 W, 100 %, 7009 MiB
2025/12/02 20:53:57.133, 240.53 W, 100 %, 7009 MiB
2025/12/02 20:53:57.135, 239.32 W, 100 %, 7009 MiB
2025/12/02 20:53:57.238, 225.93 W, 100 %, 7009 MiB
2025/12/02 20:53:57.240, 219.75 W, 100 %, 7009 MiB
2025/12/02 20:53:57.344, 228.94 W, 100 %, 7009 MiB
2025/12/02 20:53:57.347, 228.20 W, 100 %, 7009 MiB
2025/12/02 20:53:57.449, 236.78 W, 100 %, 7009 MiB
2025/12/02 20:53:57.451, 238.02 W, 100 %, 7009 MiB
2025/12/02 20:53:57.553, 243.57 W, 100 %, 7009 MiB
2025/12/02 20:53:57.556, 240.86 W, 100 %, 7009 MiB
2025/12/02 20:53:57.658, 246.82 W, 100 %, 7009 MiB
2025/12/02 20:53:57.660, 244.57 W, 100 %, 7009 MiB
2025/12/02 20:53:57.762, 252.02 W, 100 %, 7009 MiB
2025/12/02 20:53:57.764, 249.88 W, 100 %, 7009 MiB
2025/12/02 20:53:57.867, 248.78 W, 100 %, 7009 MiB
2025/12/02 20:53:57.869, 249.04 W, 100 %, 7009 MiB
2025/12/02 20:53:57.971, 242.71 W, 100 %, 7009 MiB
2025/12/02 20:53:57.973, 245.14 W, 100 %, 7009 MiB
2025/12/02 20:53:58.075, 209.43 W, 100 %, 7009 MiB
2025/12/02 20:53:58.077, 215.67 W, 100 %, 7009 MiB
2025/12/02 20:53:58.180, 184.91 W, 99 %, 7009 MiB
2025/12/02 20:53:58.182, 182.44 W, 99 %, 7009 MiB
2025/12/02 20:53:58.284, 239.43 W, 99 %, 7009 MiB
2025/12/02 20:53:58.287, 227.29 W, 99 %, 7009 MiB
2025/12/02 20:53:58.389, 272.07 W, 99 %, 7009 MiB
2025/12/02 20:53:58.391, 261.40 W, 99 %, 7009 MiB
2025/12/02 20:53:58.493, 268.09 W, 100 %, 7009 MiB
2025/12/02 20:53:58.495, 263.90 W, 100 %, 7009 MiB
2025/12/02 20:53:58.598, 239.11 W, 100 %, 7009 MiB
2025/12/02 20:53:58.600, 239.42 W, 100 %, 7009 MiB
2025/12/02 20:53:58.702, 237.17 W, 100 %, 7009 MiB
2025/12/02 20:53:58.704, 233.58 W, 100 %, 7009 MiB
2025/12/02 20:53:58.806, 223.27 W, 100 %, 7009 MiB
2025/12/02 20:53:58.809, 220.19 W, 100 %, 7009 MiB
2025/12/02 20:53:58.911, 226.90 W, 100 %, 7009 MiB
2025/12/02 20:53:58.914, 229.15 W, 100 %, 7009 MiB
2025/12/02 20:53:59.016, 235.78 W, 100 %, 7009 MiB
2025/12/02 20:53:59.018, 237.71 W, 100 %, 7009 MiB
2025/12/02 20:53:59.120, 243.97 W, 100 %, 7009 MiB
2025/12/02 20:53:59.123, 241.79 W, 100 %, 7009 MiB
2025/12/02 20:53:59.225, 247.06 W, 100 %, 7009 MiB
2025/12/02 20:53:59.227, 250.91 W, 100 %, 7009 MiB
2025/12/02 20:53:59.329, 246.84 W, 100 %, 7009 MiB
2025/12/02 20:53:59.331, 256.46 W, 100 %, 7009 MiB
2025/12/02 20:53:59.434, 244.07 W, 100 %, 7009 MiB
2025/12/02 20:53:59.436, 252.95 W, 100 %, 7009 MiB
2025/12/02 20:53:59.538, 241.17 W, 100 %, 7009 MiB
2025/12/02 20:53:59.540, 240.36 W, 100 %, 7009 MiB
2025/12/02 20:53:59.645, 188.47 W, 99 %, 7009 MiB
2025/12/02 20:53:59.647, 189.00 W, 100 %, 7009 MiB
2025/12/02 20:53:59.749, 185.20 W, 99 %, 7009 MiB
2025/12/02 20:53:59.751, 176.11 W, 100 %, 7009 MiB
2025/12/02 20:53:59.854, 258.52 W, 98 %, 7009 MiB
2025/12/02 20:53:59.856, 246.12 W, 98 %, 7009 MiB
2025/12/02 20:53:59.958, 273.34 W, 98 %, 7009 MiB
2025/12/02 20:53:59.960, 270.10 W, 98 %, 7009 MiB
2025/12/02 20:54:00.062, 259.83 W, 100 %, 7009 MiB
2025/12/02 20:54:00.065, 261.67 W, 100 %, 7009 MiB
2025/12/02 20:54:00.167, 240.21 W, 100 %, 7009 MiB
2025/12/02 20:54:00.169, 240.39 W, 100 %, 7009 MiB
2025/12/02 20:54:00.271, 225.13 W, 100 %, 7009 MiB
2025/12/02 20:54:00.274, 223.82 W, 100 %, 7009 MiB
2025/12/02 20:54:00.376, 221.38 W, 100 %, 7009 MiB
2025/12/02 20:54:00.378, 224.78 W, 100 %, 7009 MiB
2025/12/02 20:54:00.480, 225.62 W, 100 %, 7009 MiB
2025/12/02 20:54:00.482, 230.54 W, 100 %, 7009 MiB
2025/12/02 20:54:00.585, 231.02 W, 100 %, 7009 MiB
2025/12/02 20:54:00.587, 237.87 W, 100 %, 7009 MiB
2025/12/02 20:54:00.689, 237.81 W, 100 %, 7009 MiB
2025/12/02 20:54:00.692, 245.55 W, 100 %, 7009 MiB
2025/12/02 20:54:00.794, 249.68 W, 100 %, 7009 MiB
2025/12/02 20:54:00.796, 250.14 W, 100 %, 7009 MiB
2025/12/02 20:54:00.899, 253.99 W, 100 %, 7009 MiB
2025/12/02 20:54:00.901, 241.70 W, 100 %, 7009 MiB
2025/12/02 20:54:01.003, 250.56 W, 100 %, 7009 MiB
2025/12/02 20:54:01.005, 239.08 W, 100 %, 7009 MiB
2025/12/02 20:54:01.107, 246.72 W, 100 %, 7009 MiB
2025/12/02 20:54:01.110, 239.98 W, 100 %, 7009 MiB
2025/12/02 20:54:01.212, 182.52 W, 100 %, 7009 MiB
2025/12/02 20:54:01.214, 181.01 W, 100 %, 7009 MiB
2025/12/02 20:54:01.317, 188.15 W, 99 %, 7009 MiB
2025/12/02 20:54:01.328, 197.07 W, 99 %, 7009 MiB
2025/12/02 20:54:01.430, 262.68 W, 99 %, 7009 MiB
2025/12/02 20:54:01.433, 259.29 W, 99 %, 7009 MiB
2025/12/02 20:54:01.535, 273.58 W, 99 %, 7009 MiB
2025/12/02 20:54:01.537, 268.40 W, 99 %, 7009 MiB
2025/12/02 20:54:01.639, 261.04 W, 100 %, 7009 MiB
2025/12/02 20:54:01.641, 258.68 W, 100 %, 7009 MiB
2025/12/02 20:54:01.746, 239.97 W, 100 %, 7009 MiB
2025/12/02 20:54:01.748, 237.82 W, 100 %, 7009 MiB
2025/12/02 20:54:01.850, 221.42 W, 100 %, 7009 MiB
2025/12/02 20:54:01.852, 221.47 W, 100 %, 7009 MiB
2025/12/02 20:54:01.954, 218.63 W, 100 %, 7009 MiB
2025/12/02 20:54:01.957, 221.67 W, 100 %, 7009 MiB
2025/12/02 20:54:02.059, 224.98 W, 100 %, 7009 MiB
2025/12/02 20:54:02.061, 232.17 W, 100 %, 7009 MiB
2025/12/02 20:54:02.163, 241.06 W, 100 %, 7009 MiB
2025/12/02 20:54:02.166, 244.43 W, 100 %, 7009 MiB
2025/12/02 20:54:02.268, 248.46 W, 100 %, 7009 MiB
2025/12/02 20:54:02.270, 250.20 W, 100 %, 7009 MiB
2025/12/02 20:54:02.372, 245.09 W, 100 %, 7009 MiB
2025/12/02 20:54:02.375, 242.35 W, 100 %, 7009 MiB
2025/12/02 20:54:02.477, 247.27 W, 100 %, 7009 MiB
2025/12/02 20:54:02.479, 244.01 W, 100 %, 7009 MiB
2025/12/02 20:54:02.581, 243.88 W, 100 %, 7009 MiB
2025/12/02 20:54:02.584, 242.46 W, 100 %, 7009 MiB
2025/12/02 20:54:02.686, 246.25 W, 100 %, 7009 MiB
2025/12/02 20:54:02.688, 242.42 W, 100 %, 7009 MiB
2025/12/02 20:54:02.790, 186.56 W, 100 %, 7009 MiB
2025/12/02 20:54:02.793, 178.54 W, 100 %, 7009 MiB
2025/12/02 20:54:02.895, 198.54 W, 99 %, 7009 MiB
2025/12/02 20:54:02.897, 193.66 W, 99 %, 7009 MiB
2025/12/02 20:54:02.999, 259.67 W, 99 %, 7009 MiB
2025/12/02 20:54:03.001, 256.70 W, 99 %, 7009 MiB
2025/12/02 20:54:03.104, 269.84 W, 99 %, 7009 MiB
2025/12/02 20:54:03.106, 267.36 W, 99 %, 7009 MiB
2025/12/02 20:54:03.208, 259.67 W, 100 %, 7009 MiB
2025/12/02 20:54:03.210, 255.95 W, 100 %, 7009 MiB
2025/12/02 20:54:03.314, 238.19 W, 100 %, 7009 MiB
2025/12/02 20:54:03.316, 238.85 W, 100 %, 7009 MiB
2025/12/02 20:54:03.419, 222.45 W, 100 %, 7009 MiB
2025/12/02 20:54:03.421, 230.46 W, 100 %, 7009 MiB
2025/12/02 20:54:03.523, 226.29 W, 100 %, 7009 MiB
2025/12/02 20:54:03.525, 235.91 W, 100 %, 7009 MiB
2025/12/02 20:54:03.628, 226.84 W, 100 %, 7009 MiB
2025/12/02 20:54:03.630, 236.00 W, 100 %, 7009 MiB
2025/12/02 20:54:03.732, 231.95 W, 100 %, 7009 MiB
2025/12/02 20:54:03.735, 240.47 W, 100 %, 7009 MiB
2025/12/02 20:54:03.837, 239.52 W, 100 %, 7009 MiB
2025/12/02 20:54:03.839, 247.10 W, 100 %, 7009 MiB
2025/12/02 20:54:03.941, 242.32 W, 100 %, 7009 MiB
2025/12/02 20:54:03.944, 245.33 W, 100 %, 7009 MiB
2025/12/02 20:54:04.046, 248.37 W, 100 %, 7009 MiB
2025/12/02 20:54:04.048, 244.30 W, 100 %, 7009 MiB
2025/12/02 20:54:04.151, 249.35 W, 100 %, 7009 MiB
2025/12/02 20:54:04.153, 249.84 W, 100 %, 7009 MiB
2025/12/02 20:54:04.255, 237.06 W, 100 %, 7009 MiB
2025/12/02 20:54:04.258, 233.15 W, 100 %, 7009 MiB
2025/12/02 20:54:04.360, 184.26 W, 100 %, 7009 MiB
2025/12/02 20:54:04.362, 177.95 W, 100 %, 7009 MiB
2025/12/02 20:54:04.464, 209.22 W, 100 %, 7009 MiB
2025/12/02 20:54:04.467, 203.05 W, 100 %, 7009 MiB
2025/12/02 20:54:04.569, 266.31 W, 98 %, 7009 MiB
2025/12/02 20:54:04.571, 258.30 W, 98 %, 7009 MiB
2025/12/02 20:54:04.673, 268.37 W, 100 %, 7009 MiB
2025/12/02 20:54:04.675, 273.86 W, 100 %, 7009 MiB
2025/12/02 20:54:04.778, 251.64 W, 100 %, 7009 MiB
2025/12/02 20:54:04.780, 260.78 W, 100 %, 7009 MiB
2025/12/02 20:54:04.882, 241.73 W, 100 %, 7009 MiB
2025/12/02 20:54:04.884, 239.65 W, 100 %, 7009 MiB
2025/12/02 20:54:04.987, 224.66 W, 100 %, 7009 MiB
2025/12/02 20:54:04.989, 221.65 W, 100 %, 7009 MiB
2025/12/02 20:54:05.091, 226.72 W, 100 %, 7009 MiB
2025/12/02 20:54:05.104, 226.76 W, 100 %, 7009 MiB
2025/12/02 20:54:05.207, 237.69 W, 100 %, 7009 MiB
2025/12/02 20:54:05.211, 238.40 W, 100 %, 7009 MiB
2025/12/02 20:54:05.313, 247.58 W, 100 %, 7009 MiB
2025/12/02 20:54:05.321, 247.12 W, 100 %, 7009 MiB
2025/12/02 20:54:05.423, 249.55 W, 100 %, 7009 MiB
2025/12/02 20:54:05.425, 252.26 W, 100 %, 7009 MiB
2025/12/02 20:54:05.528, 243.99 W, 100 %, 7009 MiB
2025/12/02 20:54:05.530, 249.10 W, 100 %, 7009 MiB
2025/12/02 20:54:05.632, 243.80 W, 100 %, 7009 MiB
2025/12/02 20:54:05.634, 244.86 W, 100 %, 7009 MiB
2025/12/02 20:54:05.737, 243.16 W, 100 %, 7009 MiB
2025/12/02 20:54:05.739, 239.82 W, 100 %, 7009 MiB
2025/12/02 20:54:05.841, 213.74 W, 100 %, 7009 MiB
2025/12/02 20:54:05.844, 202.18 W, 100 %, 7009 MiB
2025/12/02 20:54:05.946, 182.04 W, 100 %, 7009 MiB
2025/12/02 20:54:05.949, 172.43 W, 100 %, 7009 MiB
2025/12/02 20:54:06.051, 230.20 W, 99 %, 7009 MiB
2025/12/02 20:54:06.053, 223.00 W, 99 %, 7009 MiB
2025/12/02 20:54:06.155, 269.28 W, 99 %, 7009 MiB
2025/12/02 20:54:06.158, 267.08 W, 99 %, 7009 MiB
2025/12/02 20:54:06.260, 268.73 W, 99 %, 7009 MiB
2025/12/02 20:54:06.262, 266.71 W, 99 %, 7009 MiB
2025/12/02 20:54:06.365, 240.15 W, 100 %, 7009 MiB
2025/12/02 20:54:06.367, 238.57 W, 100 %, 7009 MiB
2025/12/02 20:54:06.469, 231.11 W, 100 %, 7009 MiB
2025/12/02 20:54:06.471, 231.09 W, 100 %, 7009 MiB
2025/12/02 20:54:06.574, 219.85 W, 100 %, 7009 MiB
2025/12/02 20:54:06.576, 224.07 W, 100 %, 7009 MiB
2025/12/02 20:54:06.678, 225.31 W, 100 %, 7009 MiB
2025/12/02 20:54:06.681, 225.97 W, 100 %, 7009 MiB
2025/12/02 20:54:06.783, 235.15 W, 100 %, 7009 MiB
2025/12/02 20:54:06.785, 232.09 W, 100 %, 7009 MiB
2025/12/02 20:54:06.887, 241.51 W, 100 %, 7009 MiB
2025/12/02 20:54:06.890, 245.29 W, 100 %, 7009 MiB
2025/12/02 20:54:06.992, 249.78 W, 100 %, 7009 MiB
2025/12/02 20:54:06.994, 255.16 W, 100 %, 7009 MiB
2025/12/02 20:54:07.096, 252.76 W, 100 %, 7009 MiB
2025/12/02 20:54:07.099, 249.37 W, 100 %, 7009 MiB
2025/12/02 20:54:07.201, 244.17 W, 100 %, 7009 MiB
2025/12/02 20:54:07.203, 246.18 W, 100 %, 7009 MiB
2025/12/02 20:54:07.305, 248.21 W, 100 %, 7009 MiB
2025/12/02 20:54:07.308, 251.61 W, 100 %, 7009 MiB
2025/12/02 20:54:07.410, 197.70 W, 100 %, 7009 MiB
2025/12/02 20:54:07.412, 196.87 W, 100 %, 7009 MiB
2025/12/02 20:54:07.514, 180.98 W, 99 %, 7009 MiB
2025/12/02 20:54:07.517, 178.85 W, 99 %, 7009 MiB
2025/12/02 20:54:07.619, 240.95 W, 99 %, 7009 MiB
2025/12/02 20:54:07.621, 238.81 W, 99 %, 7009 MiB
2025/12/02 20:54:07.723, 271.61 W, 99 %, 7009 MiB
2025/12/02 20:54:07.726, 272.37 W, 99 %, 7009 MiB
2025/12/02 20:54:07.828, 266.95 W, 100 %, 7009 MiB
2025/12/02 20:54:07.830, 268.21 W, 100 %, 7009 MiB
2025/12/02 20:54:07.933, 239.24 W, 100 %, 7009 MiB
2025/12/02 20:54:07.935, 238.38 W, 100 %, 7009 MiB
2025/12/02 20:54:08.037, 232.60 W, 100 %, 7009 MiB
2025/12/02 20:54:08.039, 233.80 W, 100 %, 7009 MiB
2025/12/02 20:54:08.142, 226.09 W, 100 %, 7009 MiB
2025/12/02 20:54:08.144, 225.60 W, 100 %, 7009 MiB
2025/12/02 20:54:08.247, 230.39 W, 100 %, 7009 MiB
2025/12/02 20:54:08.249, 231.33 W, 100 %, 7009 MiB
2025/12/02 20:54:08.351, 241.80 W, 100 %, 7009 MiB
2025/12/02 20:54:08.354, 241.80 W, 100 %, 7009 MiB
2025/12/02 20:54:08.456, 246.92 W, 100 %, 7009 MiB
2025/12/02 20:54:08.458, 245.74 W, 100 %, 7009 MiB
2025/12/02 20:54:08.560, 243.33 W, 100 %, 7009 MiB
2025/12/02 20:54:08.563, 243.76 W, 100 %, 7009 MiB
2025/12/02 20:54:08.665, 241.74 W, 100 %, 7009 MiB
2025/12/02 20:54:08.668, 246.93 W, 100 %, 7009 MiB
2025/12/02 20:54:08.770, 247.74 W, 100 %, 7009 MiB
2025/12/02 20:54:08.772, 250.68 W, 100 %, 7009 MiB
2025/12/02 20:54:08.874, 246.52 W, 100 %, 7009 MiB
2025/12/02 20:54:08.877, 244.94 W, 100 %, 7009 MiB
2025/12/02 20:54:08.979, 192.14 W, 100 %, 7009 MiB
2025/12/02 20:54:08.981, 180.92 W, 100 %, 7009 MiB
2025/12/02 20:54:09.085, 181.44 W, 99 %, 7009 MiB
2025/12/02 20:54:09.088, 177.83 W, 100 %, 7009 MiB
2025/12/02 20:54:09.190, 238.81 W, 96 %, 7009 MiB
2025/12/02 20:54:09.192, 244.66 W, 98 %, 7009 MiB
2025/12/02 20:54:09.294, 273.77 W, 96 %, 7009 MiB
2025/12/02 20:54:09.297, 267.55 W, 98 %, 7009 MiB
2025/12/02 20:54:09.399, 267.16 W, 100 %, 7009 MiB
2025/12/02 20:54:09.401, 262.63 W, 100 %, 7009 MiB
2025/12/02 20:54:09.503, 240.08 W, 100 %, 7009 MiB
2025/12/02 20:54:09.506, 237.53 W, 100 %, 7009 MiB
2025/12/02 20:54:09.608, 227.83 W, 100 %, 7009 MiB
2025/12/02 20:54:09.612, 224.61 W, 100 %, 7009 MiB
2025/12/02 20:54:09.715, 222.97 W, 100 %, 7009 MiB
2025/12/02 20:54:09.717, 226.51 W, 100 %, 7009 MiB
2025/12/02 20:54:09.819, 220.35 W, 100 %, 7009 MiB
2025/12/02 20:54:09.822, 227.04 W, 100 %, 7009 MiB
2025/12/02 20:54:09.926, 240.10 W, 100 %, 7009 MiB
2025/12/02 20:54:09.929, 244.71 W, 100 %, 7009 MiB
2025/12/02 20:54:10.031, 242.35 W, 100 %, 7009 MiB
2025/12/02 20:54:10.033, 248.93 W, 100 %, 7009 MiB
2025/12/02 20:54:10.135, 249.92 W, 100 %, 7009 MiB
2025/12/02 20:54:10.138, 244.99 W, 100 %, 7009 MiB
2025/12/02 20:54:10.240, 253.61 W, 100 %, 7009 MiB
2025/12/02 20:54:10.242, 247.20 W, 100 %, 7009 MiB
2025/12/02 20:54:10.344, 250.23 W, 100 %, 7009 MiB
2025/12/02 20:54:10.347, 248.24 W, 100 %, 7009 MiB
2025/12/02 20:54:10.449, 248.46 W, 100 %, 7009 MiB
2025/12/02 20:54:10.451, 245.32 W, 100 %, 7009 MiB
2025/12/02 20:54:10.553, 197.69 W, 100 %, 7009 MiB
2025/12/02 20:54:10.556, 193.04 W, 100 %, 7009 MiB
2025/12/02 20:54:10.658, 181.06 W, 99 %, 7009 MiB
2025/12/02 20:54:10.661, 179.71 W, 99 %, 7009 MiB
2025/12/02 20:54:10.763, 250.80 W, 99 %, 7009 MiB
2025/12/02 20:54:10.765, 249.91 W, 99 %, 7009 MiB
2025/12/02 20:54:10.867, 269.36 W, 99 %, 7009 MiB
2025/12/02 20:54:10.869, 271.58 W, 99 %, 7009 MiB
2025/12/02 20:54:10.972, 260.43 W, 99 %, 7009 MiB
2025/12/02 20:54:10.974, 262.80 W, 99 %, 7009 MiB
2025/12/02 20:54:11.076, 237.72 W, 100 %, 7009 MiB
2025/12/02 20:54:11.078, 240.36 W, 100 %, 7009 MiB
2025/12/02 20:54:11.181, 222.30 W, 100 %, 7009 MiB
2025/12/02 20:54:11.183, 228.77 W, 100 %, 7009 MiB
2025/12/02 20:54:11.285, 219.96 W, 100 %, 7009 MiB
2025/12/02 20:54:11.287, 230.01 W, 100 %, 7009 MiB
2025/12/02 20:54:11.390, 227.88 W, 100 %, 7009 MiB
2025/12/02 20:54:11.392, 237.41 W, 100 %, 7009 MiB
2025/12/02 20:54:11.494, 240.23 W, 100 %, 7009 MiB
2025/12/02 20:54:11.497, 240.24 W, 100 %, 7009 MiB
2025/12/02 20:54:11.599, 252.98 W, 100 %, 7009 MiB
2025/12/02 20:54:11.601, 247.34 W, 100 %, 7009 MiB
2025/12/02 20:54:11.703, 252.04 W, 100 %, 7009 MiB
2025/12/02 20:54:11.706, 248.62 W, 100 %, 7009 MiB
2025/12/02 20:54:11.808, 245.79 W, 100 %, 7009 MiB
2025/12/02 20:54:11.813, 241.74 W, 100 %, 7009 MiB
2025/12/02 20:54:11.915, 243.27 W, 100 %, 7009 MiB
2025/12/02 20:54:11.917, 239.35 W, 100 %, 7009 MiB
2025/12/02 20:54:12.019, 242.91 W, 100 %, 7009 MiB
2025/12/02 20:54:12.022, 244.01 W, 100 %, 7009 MiB
2025/12/02 20:54:12.124, 181.63 W, 100 %, 7009 MiB
2025/12/02 20:54:12.147, 176.59 W, 100 %, 7009 MiB
2025/12/02 20:54:12.249, 191.63 W, 99 %, 7009 MiB
2025/12/02 20:54:12.252, 190.37 W, 99 %, 7009 MiB
2025/12/02 20:54:12.354, 258.35 W, 99 %, 7009 MiB
2025/12/02 20:54:12.356, 256.00 W, 99 %, 7009 MiB
2025/12/02 20:54:12.458, 271.94 W, 99 %, 7009 MiB
2025/12/02 20:54:12.461, 269.18 W, 99 %, 7009 MiB
2025/12/02 20:54:12.563, 261.36 W, 100 %, 7009 MiB
2025/12/02 20:54:12.565, 260.12 W, 100 %, 7009 MiB
2025/12/02 20:54:12.667, 239.89 W, 100 %, 7009 MiB
2025/12/02 20:54:12.669, 239.08 W, 100 %, 7009 MiB
2025/12/02 20:54:12.772, 227.67 W, 100 %, 7009 MiB
2025/12/02 20:54:12.774, 228.85 W, 100 %, 7009 MiB
2025/12/02 20:54:12.877, 229.29 W, 100 %, 7009 MiB
2025/12/02 20:54:12.879, 231.24 W, 100 %, 7009 MiB
2025/12/02 20:54:12.981, 234.32 W, 100 %, 7009 MiB
2025/12/02 20:54:12.983, 233.60 W, 100 %, 7009 MiB
2025/12/02 20:54:13.086, 249.55 W, 100 %, 7009 MiB
2025/12/02 20:54:13.088, 251.42 W, 100 %, 7009 MiB
2025/12/02 20:54:13.190, 250.07 W, 100 %, 7009 MiB
2025/12/02 20:54:13.193, 250.85 W, 100 %, 7009 MiB
2025/12/02 20:54:13.295, 250.71 W, 100 %, 7009 MiB
2025/12/02 20:54:13.297, 241.21 W, 100 %, 7009 MiB
2025/12/02 20:54:13.400, 247.94 W, 100 %, 7009 MiB
2025/12/02 20:54:13.402, 241.69 W, 100 %, 7009 MiB
2025/12/02 20:54:13.504, 241.27 W, 100 %, 7009 MiB
2025/12/02 20:54:13.507, 238.26 W, 100 %, 7009 MiB
2025/12/02 20:54:13.609, 241.77 W, 100 %, 7009 MiB
2025/12/02 20:54:13.613, 236.34 W, 100 %, 7009 MiB
2025/12/02 20:54:13.715, 182.07 W, 100 %, 7009 MiB
2025/12/02 20:54:13.717, 177.42 W, 100 %, 7009 MiB
2025/12/02 20:54:13.819, 181.01 W, 100 %, 7009 MiB
2025/12/02 20:54:13.822, 189.57 W, 100 %, 7009 MiB
2025/12/02 20:54:13.924, 251.70 W, 98 %, 7009 MiB
2025/12/02 20:54:13.926, 255.10 W, 98 %, 7009 MiB
2025/12/02 20:54:14.028, 275.26 W, 100 %, 7009 MiB
2025/12/02 20:54:14.030, 269.61 W, 100 %, 7009 MiB
2025/12/02 20:54:14.133, 265.47 W, 100 %, 7009 MiB
2025/12/02 20:54:14.135, 261.76 W, 100 %, 7009 MiB
2025/12/02 20:54:14.237, 243.15 W, 100 %, 7009 MiB
2025/12/02 20:54:14.239, 239.10 W, 100 %, 7009 MiB
2025/12/02 20:54:14.342, 228.98 W, 100 %, 7009 MiB
2025/12/02 20:54:14.344, 223.15 W, 100 %, 7009 MiB
2025/12/02 20:54:14.448, 226.01 W, 100 %, 7009 MiB
2025/12/02 20:54:14.451, 215.33 W, 100 %, 7009 MiB
2025/12/02 20:54:14.553, 231.11 W, 100 %, 7009 MiB
2025/12/02 20:54:14.555, 230.77 W, 100 %, 7009 MiB
2025/12/02 20:54:14.658, 241.05 W, 100 %, 7009 MiB
2025/12/02 20:54:14.660, 245.11 W, 100 %, 7009 MiB
2025/12/02 20:54:14.762, 251.59 W, 100 %, 7009 MiB
2025/12/02 20:54:14.764, 248.71 W, 100 %, 7009 MiB
2025/12/02 20:54:14.867, 249.54 W, 100 %, 7009 MiB
2025/12/02 20:54:14.869, 247.90 W, 100 %, 7009 MiB
